step,action,eef_pos,obj_pos,eef_abstract_state,obj_abstract_state,grid_half_size
0,"[ 0.14006701  0.17608587  0.          0.          0.          0.
 -1.        ]",[-0.11482194  0.02229444  0.9998177  -1.        ],[7.37396969e-08 1.66666790e-01 9.17743142e-01],2,6,[0.25 0.25 0.05]
1,"[ 0.14005315  0.17609689  0.          0.          0.          0.
 -1.        ]",[-0.11351483  0.02385262  0.99959906 -1.        ],[2.93389284e-08 1.66666716e-01 9.21384541e-01],2,6,[0.25 0.25 0.05]
2,"[ 0.14000188  0.17613765  0.          0.          0.          0.
 -1.        ]",[-0.11208231  0.0255567   0.99935284 -1.        ],[5.18148537e-09 1.66666675e-01 9.23176829e-01],2,6,[0.25 0.25 0.05]
3,"[ 0.13994216  0.17618511  0.          0.          0.          0.
 -1.        ]",[-0.11059896  0.02737175  0.99911663 -1.        ],[-7.78776985e-09  1.66666654e-01  9.24039351e-01],2,6,[0.25 0.25 0.05]
4,"[ 0.13990983  0.17621078  0.          0.          0.          0.
 -1.        ]",[-0.10907957  0.02929012  0.99890155 -1.        ],[-1.44111596e-08  1.66666643e-01  9.24429096e-01],2,6,[0.25 0.25 0.05]
5,"[ 0.13991281  0.17620842  0.          0.          0.          0.
 -1.        ]",[-0.10752425  0.03130206  0.99871149 -1.        ],[-1.98369674e-08  1.66666634e-01  9.24610589e-01],2,6,[0.25 0.25 0.05]
6,"[ 0.13994649  0.17618167  0.          0.          0.          0.
 -1.        ]",[-0.10593385  0.03339336  0.99854621 -1.        ],[-2.51303878e-08  1.66666625e-01  9.24698458e-01],2,6,[0.25 0.25 0.05]
7,"[ 0.14000384  0.17613609  0.          0.          0.          0.
 -1.        ]",[-0.10431094  0.03554788  0.99840354 -1.        ],[-3.03676443e-08  1.66666616e-01  9.24741717e-01],2,6,[0.25 0.25 0.05]
8,"[ 0.1400776   0.17607745  0.          0.          0.          0.
 -1.        ]",[-0.10265928  0.0377501   0.99828044 -1.        ],[-3.55787149e-08  1.66666607e-01  9.24763174e-01],2,6,[0.25 0.25 0.05]
9,"[ 0.14016144  0.17601071  0.          0.          0.          0.
 -1.        ]",[-0.10098317  0.03998612  0.99817356 -1.        ],[-4.07771618e-08  1.66666599e-01  9.24773855e-01],2,6,[0.25 0.25 0.05]
10,"[ 0.14025023  0.17593997  0.          0.          0.          0.
 -1.        ]",[-0.099287    0.04224412  0.99807961 -1.        ],[-4.59694159e-08  1.66666590e-01  9.24779181e-01],2,6,[0.25 0.25 0.05]
11,"[ 0.14033992  0.17586844  0.          0.          0.          0.
 -1.        ]",[-0.09757485  0.04451458  0.99799557 -1.        ],[-5.11586050e-08  1.66666581e-01  9.24781838e-01],2,6,[0.25 0.25 0.05]
12,"[ 0.14042751  0.1757985   0.          0.          0.          0.
 -1.        ]",[-0.09585036  0.04679022  0.99791885 -1.        ],[-5.63462700e-08  1.66666573e-01  9.24783165e-01],2,6,[0.25 0.25 0.05]
13,"[ 0.14051097  0.1757318   0.          0.          0.          0.
 -1.        ]",[-0.09411658  0.04906581  0.99784726 -1.        ],[-6.15331757e-08  1.66666564e-01  9.24783828e-01],2,6,[0.25 0.25 0.05]
14,"[ 0.14058908  0.17566932  0.          0.          0.          0.
 -1.        ]",[-0.09237601  0.0513379   0.99777909 -1.        ],[-6.67197025e-08  1.66666555e-01  9.24784159e-01],2,6,[0.25 0.25 0.05]
15,"[ 0.14066128  0.17561151  0.          0.          0.          0.
 -1.        ]",[-0.09063064  0.05360445  0.99771299 -1.        ],[-7.19060401e-08  1.66666547e-01  9.24784324e-01],2,6,[0.25 0.25 0.05]
16,"[ 0.14072757  0.1755584   0.          0.          0.          0.
 -1.        ]",[-0.08888195  0.05586451  0.99764799 -1.        ],[-7.70922833e-08  1.66666538e-01  9.24784407e-01],2,6,[0.25 0.25 0.05]
17,"[ 0.14078828  0.17550971  0.          0.          0.          0.
 -1.        ]",[-0.08713102  0.0581179   0.99758339 -1.        ],[-8.22784793e-08  1.66666530e-01  9.24784448e-01],2,6,[0.25 0.25 0.05]
18,"[ 0.14084402  0.17546499  0.          0.          0.          0.
 -1.        ]",[-0.08537862  0.06036496  0.99751874 -1.        ],[-8.74646518e-08  1.66666521e-01  9.24784469e-01],2,6,[0.25 0.25 0.05]
19,"[ 0.14089548  0.17542367  0.          0.          0.          0.
 -1.        ]",[-0.08362522  0.0626063   0.99745375 -1.        ],[-9.26508125e-08  1.66666512e-01  9.24784479e-01],2,6,[0.25 0.25 0.05]
20,"[ 0.14094341  0.17538516  0.          0.          0.          0.
 -1.        ]",[-0.08187113  0.06484269  0.99738827 -1.        ],[-9.78369674e-08  1.66666504e-01  9.24784484e-01],5,6,[0.25 0.25 0.05]
21,"[ 0.14098852  0.1753489   0.          0.          0.          0.
 -1.        ]",[-0.08011647  0.06707492  0.99732225 -1.        ],[-1.03023119e-07  1.66666495e-01  9.24784487e-01],5,6,[0.25 0.25 0.05]
22,"[ 0.14103146  0.17531437  0.          0.          0.          0.
 -1.        ]",[-0.07836131  0.06930371  0.99725571 -1.        ],[-1.08209270e-07  1.66666486e-01  9.24784488e-01],5,6,[0.25 0.25 0.05]
23,"[ 0.14107275  0.17528115  0.          0.          0.          0.
 -1.        ]",[-0.07660559  0.07152971  0.9971887  -1.        ],[-1.13395419e-07  1.66666478e-01  9.24784489e-01],5,6,[0.25 0.25 0.05]
24,"[ 0.14111283  0.17524888  0.          0.          0.          0.
 -1.        ]",[-0.07484927  0.07375345  0.99712129 -1.        ],[-1.18581569e-07  1.66666469e-01  9.24784489e-01],5,6,[0.25 0.25 0.05]
25,"[ 0.14115201  0.17521732  0.          0.          0.          0.
 -1.        ]",[-0.07309224  0.07597533  0.99705355 -1.        ],[-1.23767718e-07  1.66666460e-01  9.24784489e-01],5,6,[0.25 0.25 0.05]
26,"[ 0.14119053  0.17518629  0.          0.          0.          0.
 -1.        ]",[-0.0713344   0.07819566  0.99698557 -1.        ],[-1.28953867e-07  1.66666452e-01  9.24784489e-01],5,6,[0.25 0.25 0.05]
27,"[ 0.14122849  0.17515569  0.          0.          0.          0.
 -1.        ]",[-0.06957568  0.08041465  0.99691743 -1.        ],[-1.34140016e-07  1.66666443e-01  9.24784489e-01],5,6,[0.25 0.25 0.05]
28,"[ 0.14126595  0.17512547  0.          0.          0.          0.
 -1.        ]",[-0.06781598  0.08263243  0.99684918 -1.        ],[-1.39326165e-07  1.66666434e-01  9.24784489e-01],5,6,[0.25 0.25 0.05]
29,"[ 0.14130292  0.17509565  0.          0.          0.          0.
 -1.        ]",[-0.06605523  0.08484909  0.99678087 -1.        ],[-1.44512314e-07  1.66666426e-01  9.24784489e-01],6,6,[0.25 0.25 0.05]
30,"[ 0.14133933  0.17506626  0.          0.          0.          0.
 -1.        ]",[-0.06429338  0.08706465  0.99671255 -1.        ],[-1.49698463e-07  1.66666417e-01  9.24784489e-01],6,6,[0.25 0.25 0.05]
31,"[ 0.14137511  0.17503736  0.          0.          0.          0.
 -1.        ]",[-0.06253039  0.08927912  0.99664424 -1.        ],[-1.54884612e-07  1.66666409e-01  9.24784489e-01],6,6,[0.25 0.25 0.05]
32,"[ 0.14141016  0.17500905  0.          0.          0.          0.
 -1.        ]",[-0.06076624  0.0914925   0.99657597 -1.        ],[-1.60070761e-07  1.66666400e-01  9.24784489e-01],6,6,[0.25 0.25 0.05]
33,"[ 0.14144436  0.1749814   0.          0.          0.          0.
 -1.        ]",[-0.05900091  0.09370476  0.99650774 -1.        ],[-1.65256910e-07  1.66666391e-01  9.24784489e-01],6,6,[0.25 0.25 0.05]
34,"[ 0.14147761  0.17495452  0.          0.          0.          0.
 -1.        ]",[-0.05723441  0.09591588  0.99643955 -1.        ],[-1.70443059e-07  1.66666383e-01  9.24784489e-01],6,6,[0.25 0.25 0.05]
35,"[ 0.14150979  0.1749285   0.          0.          0.          0.
 -1.        ]",[-0.05546674  0.09812584  0.9963714  -1.        ],[-1.75629208e-07  1.66666374e-01  9.24784489e-01],6,6,[0.25 0.25 0.05]
36,"[ 0.14154078  0.17490342  0.          0.          0.          0.
 -1.        ]",[-0.05369792  0.10033463  0.99630329 -1.        ],[-1.80815357e-07  1.66666365e-01  9.24784489e-01],6,6,[0.25 0.25 0.05]
37,"[ 0.14157049  0.17487938  0.          0.          0.          0.
 -1.        ]",[-0.05192799  0.10254223  0.9962352  -1.        ],[-1.86001506e-07  1.66666357e-01  9.24784489e-01],6,6,[0.25 0.25 0.05]
38,"[ 0.14159881  0.17485645  0.          0.          0.          0.
 -1.        ]",[-0.05015697  0.10474865  0.99616711 -1.        ],[-1.91187655e-07  1.66666348e-01  9.24784489e-01],6,6,[0.25 0.25 0.05]
39,"[ 0.14162564  0.17483472  0.          0.          0.          0.
 -1.        ]",[-0.04838489  0.10695389  0.99609901 -1.        ],[-1.96373804e-07  1.66666339e-01  9.24784489e-01],6,6,[0.25 0.25 0.05]
40,"[ 0.1416509   0.17481426  0.          0.          0.          0.
 -1.        ]",[-0.04661181  0.10915795  0.99603088 -1.        ],[-2.01559953e-07  1.66666331e-01  9.24784489e-01],6,6,[0.25 0.25 0.05]
41,"[ 0.14167448  0.17479514  0.          0.          0.          0.
 -1.        ]",[-0.04483775  0.11136086  0.9959627  -1.        ],[-2.06746102e-07  1.66666322e-01  9.24784489e-01],6,6,[0.25 0.25 0.05]
42,"[ 0.1416963   0.17477746  0.          0.          0.          0.
 -1.        ]",[-0.04306278  0.11356262  0.99589446 -1.        ],[-2.11932251e-07  1.66666313e-01  9.24784489e-01],6,6,[0.25 0.25 0.05]
43,"[ 0.14171625  0.17476128  0.          0.          0.          0.
 -1.        ]",[-0.04128692  0.11576327  0.99582612 -1.        ],[-2.17118400e-07  1.66666305e-01  9.24784489e-01],6,6,[0.25 0.25 0.05]
44,"[ 0.14173421  0.17474671  0.          0.          0.          0.
 -1.        ]",[-0.03951023  0.11796282  0.99575768 -1.        ],[-2.22304549e-07  1.66666296e-01  9.24784489e-01],6,6,[0.25 0.25 0.05]
45,"[ 0.14175008  0.17473384  0.          0.          0.          0.
 -1.        ]",[-0.03773276  0.1201613   0.99568912 -1.        ],[-2.27490698e-07  1.66666288e-01  9.24784489e-01],6,6,[0.25 0.25 0.05]
46,"[ 0.14176371  0.17472278  0.          0.          0.          0.
 -1.        ]",[-0.03595456  0.12235874  0.99562041 -1.        ],[-2.32676847e-07  1.66666279e-01  9.24784489e-01],6,6,[0.25 0.25 0.05]
47,"[ 0.14177493  0.17471367  0.          0.          0.          0.
 -1.        ]",[-0.03417567  0.12455518  0.99555154 -1.        ],[-2.37862996e-07  1.66666270e-01  9.24784489e-01],6,6,[0.25 0.25 0.05]
48,"[ 0.14178357  0.17470667  0.          0.          0.          0.
 -1.        ]",[-0.03239615  0.12675064  0.99548249 -1.        ],[-2.43049145e-07  1.66666262e-01  9.24784489e-01],6,6,[0.25 0.25 0.05]
49,"[ 0.1417894   0.17470194  0.          0.          0.          0.
 -1.        ]",[-0.03061605  0.12894515  0.99541325 -1.        ],[-2.48235294e-07  1.66666253e-01  9.24784489e-01],6,6,[0.25 0.25 0.05]
50,"[ 0.14179215  0.1746997   0.          0.          0.          0.
 -1.        ]",[-0.02883543  0.13113875  0.9953438  -1.        ],[-2.53421442e-07  1.66666244e-01  9.24784489e-01],6,6,[0.25 0.25 0.05]
51,"[ 0.14179152  0.17470022  0.          0.          0.          0.
 -1.        ]",[-0.02705435  0.13333149  0.99527412 -1.        ],[-2.58607591e-07  1.66666236e-01  9.24784489e-01],6,6,[0.25 0.25 0.05]
52,"[ 0.14178711  0.17470379  0.          0.          0.          0.
 -1.        ]",[-0.02527287  0.1355234   0.9952042  -1.        ],[-2.63793740e-07  1.66666227e-01  9.24784489e-01],6,6,[0.25 0.25 0.05]
53,"[ 0.14177846  0.17471082  0.          0.          0.          0.
 -1.        ]",[-0.02349106  0.13771453  0.99513402 -1.        ],[-2.68979889e-07  1.66666218e-01  9.24784489e-01],6,6,[0.25 0.25 0.05]
54,"[ 0.14176497  0.17472176  0.          0.          0.          0.
 -1.        ]",[-0.02170898  0.13990493  0.99506358 -1.        ],[-2.74166038e-07  1.66666210e-01  9.24784489e-01],6,6,[0.25 0.25 0.05]
55,"[ 0.14174591  0.17473722  0.          0.          0.          0.
 -1.        ]",[-0.01992672  0.14209465  0.99499286 -1.        ],[-2.79352187e-07  1.66666201e-01  9.24784489e-01],6,6,[0.25 0.25 0.05]
56,"[ 0.14172032  0.17475798  0.          0.          0.          0.
 -1.        ]",[-0.01814437  0.14428376  0.99492185 -1.        ],[-2.84538336e-07  1.66666192e-01  9.24784489e-01],6,6,[0.25 0.25 0.05]
57,"[ 0.14168694  0.17478504  0.          0.          0.          0.
 -1.        ]",[-0.01636203  0.14647234  0.99485054 -1.        ],[-2.89724485e-07  1.66666184e-01  9.24784489e-01],6,6,[0.25 0.25 0.05]
58,"[ 0.14164408  0.17481978  0.          0.          0.          0.
 -1.        ]",[-0.01457981  0.14866047  0.99477893 -1.        ],[-2.94910634e-07  1.66666175e-01  9.24784489e-01],6,6,[0.25 0.25 0.05]
59,"[ 0.14158937  0.17486409  0.          0.          0.          0.
 -1.        ]",[-0.01279786  0.15084826  0.994707   -1.        ],[-3.00096783e-07  1.66666167e-01  9.24784489e-01],6,6,[0.25 0.25 0.05]
60,"[ 0.14151939  0.17492073  0.          0.          0.          0.
 -1.        ]",[-0.01101634  0.15303584  0.99463476 -1.        ],[-3.05282932e-07  1.66666158e-01  9.24784489e-01],6,6,[0.25 0.25 0.05]
61,"[ 0.14142889  0.17499391  0.          0.          0.          0.
 -1.        ]",[-0.00923547  0.15522339  0.99456221 -1.        ],[-3.10469081e-07  1.66666149e-01  9.24784489e-01],6,6,[0.25 0.25 0.05]
62,"[ 0.14130933  0.17509047  0.          0.          0.          0.
 -1.        ]",[-0.00745553  0.15741113  0.99448937 -1.        ],[-3.15655230e-07  1.66666141e-01  9.24784489e-01],6,6,[0.25 0.25 0.05]
63,"[ 0.14114545  0.17522261  0.          0.          0.          0.
 -1.        ]",[-0.00567693  0.15959941  0.99441628 -1.        ],[-3.20841379e-07  1.66666132e-01  9.24784489e-01],6,6,[0.25 0.25 0.05]
64,"[ 0.14090607  0.17541516  0.          0.          0.          0.
 -1.        ]",[-0.00390032  0.16178877  0.994343   -1.        ],[-3.26027528e-07  1.66666123e-01  9.24784489e-01],6,6,[0.25 0.25 0.05]
65,[ 0.    0.   -0.15  0.    0.    0.   -1.  ],[-0.00282651  0.16305572  0.99348262 -1.        ],[-3.31213677e-07  1.66666115e-01  9.24784489e-01],6,6,[0.25 0.25 0.05]
66,[ 0.    0.   -0.15  0.    0.    0.   -1.  ],[-0.00219022  0.16366704  0.99207288 -1.        ],[-3.36399826e-07  1.66666106e-01  9.24784489e-01],6,6,[0.25 0.25 0.05]
67,[ 0.    0.   -0.15  0.    0.    0.   -1.  ],[-0.0016394   0.16410771  0.99054833 -1.        ],[-3.41585975e-07  1.66666097e-01  9.24784489e-01],6,6,[0.25 0.25 0.05]
68,[ 0.    0.   -0.15  0.    0.    0.   -1.  ],[-0.00117319  0.16441841  0.98895024 -1.        ],[-3.46772124e-07  1.66666089e-01  9.24784489e-01],6,6,[0.25 0.25 0.05]
69,[ 0.    0.   -0.15  0.    0.    0.   -1.  ],[-7.74406294e-04  1.64626422e-01  9.87294613e-01 -1.00000000e+00],[-3.51958273e-07  1.66666080e-01  9.24784489e-01],6,6,[0.25 0.25 0.05]
70,[ 0.    0.   -0.15  0.    0.    0.   -1.  ],[-4.41375248e-04  1.64748643e-01  9.85582479e-01 -1.00000000e+00],[-3.57144422e-07  1.66666071e-01  9.24784489e-01],6,6,[0.25 0.25 0.05]
71,[ 0.    0.   -0.15  0.    0.    0.   -1.  ],[-1.72759959e-04  1.64800715e-01  9.83816460e-01 -1.00000000e+00],[-3.62330571e-07  1.66666063e-01  9.24784489e-01],6,6,[0.25 0.25 0.05]
72,[ 0.    0.   -0.15  0.    0.    0.   -1.  ],[ 3.59823600e-05  1.64797904e-01  9.82001659e-01 -1.00000000e+00],[-3.67516720e-07  1.66666054e-01  9.24784489e-01],6,6,[0.25 0.25 0.05]
73,[ 0.    0.   -0.15  0.    0.    0.   -1.  ],[ 1.91744388e-04  1.64754116e-01  9.80144647e-01 -1.00000000e+00],[-3.72702869e-07  1.66666045e-01  9.24784489e-01],6,6,[0.25 0.25 0.05]
74,[ 0.    0.   -0.15  0.    0.    0.   -1.  ],[ 3.02638890e-04  1.64681300e-01  9.78252578e-01 -1.00000000e+00],[-3.77889018e-07  1.66666037e-01  9.24784489e-01],6,6,[0.25 0.25 0.05]
75,[ 0.    0.   -0.15  0.    0.    0.   -1.  ],[ 3.77103654e-04  1.64589245e-01  9.76332546e-01 -1.00000000e+00],[-3.83075167e-07  1.66666028e-01  9.24784489e-01],6,6,[0.25 0.25 0.05]
76,[ 0.    0.   -0.15  0.    0.    0.   -1.  ],[ 4.23263084e-04  1.64485629e-01  9.74391163e-01 -1.00000000e+00],[-3.88261316e-07  1.66666020e-01  9.24784489e-01],6,6,[0.25 0.25 0.05]
77,[ 0.    0.   -0.15  0.    0.    0.   -1.  ],[ 4.48512811e-04  1.64376212e-01  9.72434294e-01 -1.00000000e+00],[-3.93447465e-07  1.66666011e-01  9.24784489e-01],6,6,[0.25 0.25 0.05]
78,[ 0.    0.   -0.15  0.    0.    0.   -1.  ],[ 4.59283631e-04  1.64265097e-01  9.70466926e-01 -1.00000000e+00],[-3.98633614e-07  1.66666002e-01  9.24784489e-01],6,6,[0.25 0.25 0.05]
79,[ 0.    0.   -0.15  0.    0.    0.   -1.  ],[ 4.60941656e-04  1.64155026e-01  9.68493133e-01 -1.00000000e+00],[-4.03819763e-07  1.66665994e-01  9.24784489e-01],6,6,[0.25 0.25 0.05]
80,[ 0.    0.   -0.15  0.    0.    0.   -1.  ],[ 4.57787153e-04  1.64047661e-01  9.66516110e-01 -1.00000000e+00],[-4.09005912e-07  1.66665985e-01  9.24784489e-01],6,6,[0.25 0.25 0.05]
81,[ 0.    0.   -0.15  0.    0.    0.   -1.  ],[ 4.53120514e-04  1.63943847e-01  9.64538252e-01 -1.00000000e+00],[-4.14192061e-07  1.66665976e-01  9.24784489e-01],6,6,[0.25 0.25 0.05]
82,[ 0.    0.   -0.15  0.    0.    0.   -1.  ],[ 4.49349814e-04  1.63843837e-01  9.62561256e-01 -1.00000000e+00],[-4.19378210e-07  1.66665968e-01  9.24784489e-01],6,6,[0.25 0.25 0.05]
83,[ 0.    0.   -0.15  0.    0.    0.   -1.  ],[ 4.48120051e-04  1.63747489e-01  9.60586236e-01 -1.00000000e+00],[-4.24564359e-07  1.66665959e-01  9.24784489e-01],6,6,[0.25 0.25 0.05]
84,[ 0.    0.   -0.15  0.    0.    0.   -1.  ],[ 4.50449191e-04  1.63654412e-01  9.58613841e-01 -1.00000000e+00],[-4.29750508e-07  1.66665950e-01  9.24784489e-01],6,6,[0.25 0.25 0.05]
85,[ 0.    0.   -0.15  0.    0.    0.   -1.  ],[ 4.56860488e-04  1.63564085e-01  9.56644359e-01 -1.00000000e+00],[-4.34936657e-07  1.66665942e-01  9.24784489e-01],6,6,[0.25 0.25 0.05]
86,[ 0.    0.   -0.15  0.    0.    0.   -1.  ],[ 4.67504143e-04  1.63475944e-01  9.54677816e-01 -1.00000000e+00],[-4.40122806e-07  1.66665933e-01  9.24784489e-01],6,6,[0.25 0.25 0.05]
87,[ 0.    0.   -0.15  0.    0.    0.   -1.  ],[ 4.82263622e-04  1.63389436e-01  9.52714056e-01 -1.00000000e+00],[-4.45308955e-07  1.66665924e-01  9.24784489e-01],6,6,[0.25 0.25 0.05]
88,[ 0.    0.   -0.15  0.    0.    0.   -1.  ],[ 5.00845304e-04  1.63304060e-01  9.50752808e-01 -1.00000000e+00],[-4.50495104e-07  1.66665916e-01  9.24784489e-01],6,6,[0.25 0.25 0.05]
89,[ 0.    0.   -0.15  0.    0.    0.   -1.  ],[ 5.22851236e-04  1.63219386e-01  9.48793744e-01 -1.00000000e+00],[-4.55681253e-07  1.66665907e-01  9.24784489e-01],6,6,[0.25 0.25 0.05]
90,[ 0.    0.   -0.15  0.    0.    0.   -1.  ],[ 5.47835622e-04  1.63135059e-01  9.46836510e-01 -1.00000000e+00],[-4.60867402e-07  1.66665899e-01  9.24784489e-01],6,6,[0.25 0.25 0.05]
91,[ 0.    0.   -0.15  0.    0.    0.   -1.  ],[ 5.75346534e-04  1.63050805e-01  9.44880763e-01 -1.00000000e+00],[-4.66053550e-07  1.66665890e-01  9.24784489e-01],6,6,[0.25 0.25 0.05]
92,[ 0.    0.   -0.15  0.    0.    0.   -1.  ],[ 6.04954888e-04  1.62966419e-01  9.42926183e-01 -1.00000000e+00],[-4.71239699e-07  1.66665881e-01  9.24784489e-01],6,6,[0.25 0.25 0.05]
93,[ 0.    0.   -0.15  0.    0.    0.   -1.  ],[ 6.36272890e-04  1.62881758e-01  9.40972490e-01 -1.00000000e+00],[-4.76425848e-07  1.66665873e-01  9.24784489e-01],6,6,[0.25 0.25 0.05]
94,[ 0.    0.   -0.15  0.    0.    0.   -1.  ],[ 6.68964128e-04  1.62796730e-01  9.39019445e-01 -1.00000000e+00],[-4.81611997e-07  1.66665864e-01  9.24784489e-01],6,6,[0.25 0.25 0.05]
95,[ 0.    0.   -0.15  0.    0.    0.   -1.  ],[ 7.02747330e-04  1.62711283e-01  9.37066851e-01 -1.00000000e+00],[-4.86798146e-07  1.66665855e-01  9.24784489e-01],6,6,[0.25 0.25 0.05]
96,[ 0.    0.   -0.15  0.    0.    0.   -1.  ],[ 7.37395533e-04  1.62625395e-01  9.35114553e-01 -1.00000000e+00],[-4.91984295e-07  1.66665847e-01  9.24784489e-01],6,6,[0.25 0.25 0.05]
97,[ 0.    0.   -0.15  0.    0.    0.   -1.  ],[ 7.72732189e-04  1.62539066e-01  9.33162434e-01 -1.00000000e+00],[-4.97170444e-07  1.66665838e-01  9.24784489e-01],6,6,[0.25 0.25 0.05]
98,[ 0.    0.   -0.15  0.    0.    0.   -1.  ],[ 8.08625384e-04  1.62452308e-01  9.31210408e-01 -1.00000000e+00],[-5.02356593e-07  1.66665829e-01  9.24784489e-01],6,6,[0.25 0.25 0.05]
99,[ 0.    0.   -0.15  0.    0.    0.   -1.  ],[ 8.44980762e-04  1.62365143e-01  9.29258415e-01 -1.00000000e+00],[-5.07542742e-07  1.66665821e-01  9.24784489e-01],6,6,[0.25 0.25 0.05]
100,[0 0 0 0 0 0 1],[8.46673756e-04 1.62302168e-01 9.28213721e-01 1.00000000e+00],[-5.12728891e-07  1.66665812e-01  9.24784489e-01],6,6,[0.25 0.25 0.05]
101,[0 0 0 0 0 0 1],[7.97289535e-04 1.62307875e-01 9.27983516e-01 1.00000000e+00],[-5.17915040e-07  1.66665803e-01  9.24784489e-01],6,6,[0.25 0.25 0.05]
102,[0 0 0 0 0 0 1],[7.44194578e-04 1.62346776e-01 9.27921456e-01 1.00000000e+00],[-5.23101189e-07  1.66665795e-01  9.24784489e-01],6,6,[0.25 0.25 0.05]
103,[0 0 0 0 0 0 1],[7.08202207e-04 1.62400884e-01 9.27894974e-01 1.00000000e+00],[-5.28287338e-07  1.66665786e-01  9.24784489e-01],6,6,[0.25 0.25 0.05]
104,[0 0 0 0 0 0 1],[8.13938736e-04 1.62982889e-01 9.28187158e-01 1.00000000e+00],[1.08567596e-04 1.65098828e-01 9.25123008e-01],6,6,[0.25 0.25 0.05]
105,[0 0 0 0 0 0 1],[8.42925019e-04 1.63223566e-01 9.28327208e-01 1.00000000e+00],[2.02842760e-04 1.63844367e-01 9.25017303e-01],6,6,[0.25 0.25 0.05]
106,[0 0 0 0 0 0 1],[8.20737787e-04 1.63246396e-01 9.28322305e-01 1.00000000e+00],[1.82079889e-04 1.63918524e-01 9.25011235e-01],6,6,[0.25 0.25 0.05]
107,[0 0 0 0 0 0 1],[7.97736789e-04 1.63294858e-01 9.28307463e-01 1.00000000e+00],[1.60935889e-04 1.63910493e-01 9.24994919e-01],6,6,[0.25 0.25 0.05]
108,[0 0 0 0 0 0 1],[7.83095553e-04 1.63308965e-01 9.28288889e-01 1.00000000e+00],[1.47492065e-04 1.63916345e-01 9.24975546e-01],6,6,[0.25 0.25 0.05]
109,[0 0 0 0 0 0 1],[7.70487598e-04 1.63318137e-01 9.28271489e-01 1.00000000e+00],[1.35953541e-04 1.63920852e-01 9.24957450e-01],6,6,[0.25 0.25 0.05]
110,[0 0 0 0 0 0 1],[7.58990226e-04 1.63326462e-01 9.28255887e-01 1.00000000e+00],[1.25380016e-04 1.63924681e-01 9.24941220e-01],6,6,[0.25 0.25 0.05]
111,[0 0 0 0 0 0 1],[7.48330020e-04 1.63334336e-01 9.28241836e-01 1.00000000e+00],[1.15501184e-04 1.63928143e-01 9.24926595e-01],6,6,[0.25 0.25 0.05]
112,[0 0 0 0 0 0 1],[7.38345275e-04 1.63341919e-01 9.28229115e-01 1.00000000e+00],[1.06166008e-04 1.63931371e-01 9.24913348e-01],6,6,[0.25 0.25 0.05]
113,[0 0 0 0 0 0 1],[7.28952934e-04 1.63349269e-01 9.28217577e-01 1.00000000e+00],[9.73043308e-05 1.63934414e-01 9.24901327e-01],6,6,[0.25 0.25 0.05]
114,[0 0 0 0 0 0 1],[7.20113383e-04 1.63356388e-01 9.28207115e-01 1.00000000e+00],[8.88897724e-05 1.63937272e-01 9.24890420e-01],6,6,[0.25 0.25 0.05]
115,[0.   0.   0.15 0.   0.   0.   1.  ],[6.57931719e-04 1.63380669e-01 9.29064359e-01 1.00000000e+00],[2.79432511e-05 1.63962708e-01 9.25746335e-01],6,6,[0.25 0.25 0.05]
116,[0.   0.   0.15 0.   0.   0.   1.  ],[4.95674143e-04 1.63461836e-01 9.30690653e-01 1.00000000e+00],[-1.32242779e-04  1.64043286e-01  9.27371372e-01],6,6,[0.25 0.25 0.05]
117,[0.   0.   0.15 0.   0.   0.   1.  ],[2.98060687e-04 1.63566718e-01 9.32466986e-01 1.00000000e+00],[-3.27821082e-04  1.64147762e-01  9.29146624e-01],6,6,[0.25 0.25 0.05]
118,[0.   0.   0.15 0.   0.   0.   1.  ],[9.40424672e-05 1.63676234e-01 9.34274681e-01 1.00000000e+00],[-5.30017671e-04  1.64256972e-01  9.30953320e-01],6,6,[0.25 0.25 0.05]
119,[0.   0.   0.15 0.   0.   0.   1.  ],[-1.06799973e-04  1.63783578e-01  9.36091175e-01  1.00000000e+00],[-7.29260645e-04  1.64364029e-01  9.32768857e-01],6,6,[0.25 0.25 0.05]
120,[0.   0.   0.15 0.   0.   0.   1.  ],[-3.00749286e-04  1.63886112e-01  9.37912726e-01  1.00000000e+00],[-9.21801222e-04  1.64466265e-01  9.34589478e-01],6,6,[0.25 0.25 0.05]
121,[0.   0.   0.15 0.   0.   0.   1.  ],[-4.86203763e-04  1.63982805e-01  9.39739028e-01  1.00000000e+00],[-0.001106    0.16456264  0.93641487],6,6,[0.25 0.25 0.05]
122,[0.   0.   0.15 0.   0.   0.   1.  ],[-6.62643786e-04  1.64073464e-01  9.41570150e-01  1.00000000e+00],[-0.00128129  0.16465296  0.93824508],6,6,[0.25 0.25 0.05]
123,[0.   0.   0.15 0.   0.   0.   1.  ],[-8.30231049e-04  1.64158400e-01  9.43405989e-01  1.00000000e+00],[-0.00144782  0.16473754  0.94008002],6,6,[0.25 0.25 0.05]
124,[0.   0.   0.15 0.   0.   0.   1.  ],[-9.89571656e-04  1.64238225e-01  9.45246236e-01  1.00000000e+00],[-0.00160615  0.16481699  0.94191936],6,6,[0.25 0.25 0.05]
125,[0.   0.   0.15 0.   0.   0.   1.  ],[-0.00114154  0.16431371  0.94709043  1.        ],[-0.00175713  0.16489208  0.94376265],6,6,[0.25 0.25 0.05]
126,[0.   0.   0.15 0.   0.   0.   1.  ],[-0.00128715  0.16438565  0.94893801  1.        ],[-0.00190177  0.16496362  0.94560932],6,6,[0.25 0.25 0.05]
127,[0.   0.   0.15 0.   0.   0.   1.  ],[-0.00142743  0.16445484  0.95078842  1.        ],[-0.00204109  0.16503239  0.94745881],6,6,[0.25 0.25 0.05]
128,[0.   0.   0.15 0.   0.   0.   1.  ],[-0.00156339  0.16452198  0.95264108  1.        ],[-0.00217608  0.1650991   0.94931054],6,6,[0.25 0.25 0.05]
129,[0.   0.   0.15 0.   0.   0.   1.  ],[-0.00169593  0.16458764  0.95449546  1.        ],[-0.00230763  0.16516433  0.95116398],6,6,[0.25 0.25 0.05]
130,[0.   0.   0.15 0.   0.   0.   1.  ],[-0.00182583  0.16465232  0.95635111  1.        ],[-0.00243654  0.16522856  0.95301869],6,6,[0.25 0.25 0.05]
131,[0.   0.   0.15 0.   0.   0.   1.  ],[-0.00195376  0.16471635  0.95820762  1.        ],[-0.00256346  0.16529214  0.95487426],6,6,[0.25 0.25 0.05]
132,[0.   0.   0.15 0.   0.   0.   1.  ],[-0.00208024  0.16478001  0.96006469  1.        ],[-0.00268891  0.16535534  0.95673037],6,6,[0.25 0.25 0.05]
133,[0.   0.   0.15 0.   0.   0.   1.  ],[-0.00220566  0.16484344  0.96192205  1.        ],[-0.00281329  0.16541831  0.95858677],6,6,[0.25 0.25 0.05]
134,[0.   0.   0.15 0.   0.   0.   1.  ],[-0.00233031  0.16490674  0.96377953  1.        ],[-0.0029369   0.16548114  0.96044328],6,6,[0.25 0.25 0.05]
135,[0.   0.   0.15 0.   0.   0.   1.  ],[-0.00245439  0.16496994  0.96563699  1.        ],[-0.00305992  0.16554386  0.96229977],6,6,[0.25 0.25 0.05]
136,[0.   0.   0.15 0.   0.   0.   1.  ],[-0.00257801  0.16503302  0.96749436  1.        ],[-0.00318247  0.16560647  0.96415616],6,6,[0.25 0.25 0.05]
137,[0.   0.   0.15 0.   0.   0.   1.  ],[-0.00270122  0.16509596  0.96935159  1.        ],[-0.00330461  0.16566893  0.96601241],6,6,[0.25 0.25 0.05]
138,[0.   0.   0.15 0.   0.   0.   1.  ],[-0.00282402  0.1651587   0.97120867  1.        ],[-0.00342634  0.16573118  0.96786851],6,6,[0.25 0.25 0.05]
139,[0.   0.   0.15 0.   0.   0.   1.  ],[-0.00294639  0.16522118  0.97306561  1.        ],[-0.00354764  0.16579317  0.96972447],6,6,[0.25 0.25 0.05]
140,[0.   0.   0.15 0.   0.   0.   1.  ],[-0.00306829  0.16528335  0.97492244  1.        ],[-0.00366846  0.16585484  0.97158032],6,6,[0.25 0.25 0.05]
141,[0.   0.   0.15 0.   0.   0.   1.  ],[-0.00318964  0.16534513  0.9767792   1.        ],[-0.00378873  0.16591613  0.97343609],6,6,[0.25 0.25 0.05]
142,[0.   0.   0.15 0.   0.   0.   1.  ],[-0.00331038  0.1654065   0.97863592  1.        ],[-0.0039084   0.165977    0.97529182],6,6,[0.25 0.25 0.05]
143,[0.   0.   0.15 0.   0.   0.   1.  ],[-0.00343045  0.1654674   0.98049264  1.        ],[-0.0040274   0.16603739  0.97714755],6,6,[0.25 0.25 0.05]
144,[0.   0.   0.15 0.   0.   0.   1.  ],[-0.00354978  0.1655278   0.98234941  1.        ],[-0.00414567  0.16609729  0.97900333],6,6,[0.25 0.25 0.05]
145,[0.   0.   0.15 0.   0.   0.   1.  ],[-0.00366833  0.16558768  0.98420627  1.        ],[-0.00426315  0.16615665  0.98085919],6,6,[0.25 0.25 0.05]
146,[0.   0.   0.15 0.   0.   0.   1.  ],[-0.00378604  0.16564702  0.98606325  1.        ],[-0.00437979  0.16621548  0.98271517],6,6,[0.25 0.25 0.05]
147,[0.   0.   0.15 0.   0.   0.   1.  ],[-0.00390287  0.16570581  0.98792037  1.        ],[-0.00449555  0.16627375  0.9845713 ],6,6,[0.25 0.25 0.05]
148,[0.   0.   0.15 0.   0.   0.   1.  ],[-0.00401878  0.16576404  0.98977767  1.        ],[-0.00461041  0.16633145  0.98642759],6,6,[0.25 0.25 0.05]
149,[0.   0.   0.15 0.   0.   0.   1.  ],[-0.00413376  0.16582171  0.99163516  1.        ],[-0.00472432  0.1663886   0.98828408],6,6,[0.25 0.25 0.05]
150,[0.   0.   0.15 0.   0.   0.   1.  ],[-0.00424779  0.16587882  0.99349286  1.        ],[-0.00483729  0.16644517  0.99014077],6,6,[0.25 0.25 0.05]
151,[0.   0.   0.15 0.   0.   0.   1.  ],[-0.00436084  0.16593537  0.99535079  1.        ],[-0.00494928  0.16650119  0.99199769],6,6,[0.25 0.25 0.05]
152,"[-0.22499772  0.00101377  0.          0.          0.          0.
  1.        ]",[-0.00561142  0.16600522  0.99646381  1.        ],[-0.00620697  0.16656851  0.99311098],6,6,[0.25 0.25 0.05]
153,"[-2.24998102e-01  9.24052202e-04  0.00000000e+00  0.00000000e+00
  0.00000000e+00  0.00000000e+00  1.00000000e+00]",[-0.0076063   0.16608168  0.99710463  1.        ],[-0.00821056  0.16664208  0.99375238],6,6,[0.25 0.25 0.05]
154,"[-2.24998478e-01  8.27484686e-04  0.00000000e+00  0.00000000e+00
  0.00000000e+00  0.00000000e+00  1.00000000e+00]",[-0.00975294  0.1661411   0.99764846  1.        ],[-0.01036236  0.16669968  0.99429651],6,6,[0.25 0.25 0.05]
155,"[-2.24998738e-01  7.53614862e-04  0.00000000e+00  0.00000000e+00
  0.00000000e+00  0.00000000e+00  1.00000000e+00]",[-0.01201847  0.16616991  0.99811698  1.        ],[-0.0126303   0.16672748  0.99476503],6,6,[0.25 0.25 0.05]
156,"[-2.24998839e-01  7.22732149e-04  0.00000000e+00  0.00000000e+00
  0.00000000e+00  0.00000000e+00  1.00000000e+00]",[-0.01438684  0.16617809  0.99851382  1.        ],[-0.01499879  0.16673518  0.99516155],6,6,[0.25 0.25 0.05]
157,"[-2.24998842e-01  7.21895130e-04  0.00000000e+00  0.00000000e+00
  0.00000000e+00  0.00000000e+00  1.00000000e+00]",[-0.01685725  0.16616904  0.99883747  1.        ],[-0.01746759  0.16672605  0.99548456],6,6,[0.25 0.25 0.05]
158,"[-2.24998759e-01  7.47385124e-04  0.00000000e+00  0.00000000e+00
  0.00000000e+00  0.00000000e+00  1.00000000e+00]",[-0.01942522  0.16614505  0.99909108  1.        ],[-0.02003275  0.16670221  0.99573729],6,6,[0.25 0.25 0.05]
159,"[-2.24998588e-01  7.97081035e-04  0.00000000e+00  0.00000000e+00
  0.00000000e+00  0.00000000e+00  1.00000000e+00]",[-0.02208185  0.16610834  0.99928119  1.        ],[-0.02268582  0.16666577  0.99592634],6,6,[0.25 0.25 0.05]
160,"[-2.24998322e-01  8.68853448e-04  0.00000000e+00  0.00000000e+00
  0.00000000e+00  0.00000000e+00  1.00000000e+00]",[-0.02481541  0.16606122  0.99941631  1.        ],[-0.02541542  0.16661895  0.99606028],6,6,[0.25 0.25 0.05]
161,"[-2.24997951e-01  9.60329480e-04  0.00000000e+00  0.00000000e+00
  0.00000000e+00  0.00000000e+00  1.00000000e+00]",[-0.02761296  0.16600605  0.99950574  1.        ],[-0.02820891  0.16656406  0.99614844],6,6,[0.25 0.25 0.05]
162,"[-0.22499746  0.00106892  0.          0.          0.          0.
  1.        ]",[-0.03046163  0.16594513  0.99955871  1.        ],[-0.03105358  0.16650334  0.99620011],6,6,[0.25 0.25 0.05]
163,"[-0.22499684  0.00119191  0.          0.          0.          0.
  1.        ]",[-0.03334923  0.16588018  0.99958388  1.        ],[-0.03393741  0.16643851  0.99622398],6,6,[0.25 0.25 0.05]
164,"[-0.22499608  0.00132733  0.          0.          0.          0.
  1.        ]",[-0.03626417  0.16581007  0.99958908  1.        ],[-0.03684886  0.16636841  0.9962279 ],6,6,[0.25 0.25 0.05]
165,"[-0.22499515  0.00147797  0.          0.          0.          0.
  1.        ]",[-0.03919733  0.16573676  0.99958096  1.        ],[-0.03977888  0.16629502  0.99621854],6,6,[0.25 0.25 0.05]
166,"[-0.22499401  0.00164136  0.          0.          0.          0.
  1.        ]",[-0.0421413   0.16566206  0.99956497  1.        ],[-0.04272005  0.16622012  0.99620135],6,6,[0.25 0.25 0.05]
167,"[-0.22499268  0.00181512  0.          0.          0.          0.
  1.        ]",[-0.04509016  0.16558727  0.99954536  1.        ],[-0.04566645  0.16614502  0.99618059],6,6,[0.25 0.25 0.05]
168,"[-0.22499113  0.00199755  0.          0.          0.          0.
  1.        ]",[-0.0480395   0.1655134   0.99952535  1.        ],[-0.04861361  0.16607077  0.99615947],6,6,[0.25 0.25 0.05]
169,"[-0.22498937  0.00218729  0.          0.          0.          0.
  1.        ]",[-0.05098616  0.16544124  0.99950722  1.        ],[-0.05155836  0.16599814  0.99614027],6,6,[0.25 0.25 0.05]
170,"[-0.22498738  0.00238334  0.          0.          0.          0.
  1.        ]",[-0.05392806  0.16537133  0.9994925   1.        ],[-0.05449857  0.16592771  0.99612452],6,6,[0.25 0.25 0.05]
171,"[-0.22498515  0.00258502  0.          0.          0.          0.
  1.        ]",[-0.05686396  0.16530406  0.99948208  1.        ],[-0.05743296  0.16585987  0.9961131 ],6,6,[0.25 0.25 0.05]
172,"[-0.22498268  0.00279194  0.          0.          0.          0.
  1.        ]",[-0.05979333  0.16523967  0.99947637  1.        ],[-0.06036096  0.16579486  0.99610643],6,6,[0.25 0.25 0.05]
173,"[-0.22497995  0.00300399  0.          0.          0.          0.
  1.        ]",[-0.06271609  0.1651783   0.99947545  1.        ],[-0.06328246  0.16573285  0.99610457],6,6,[0.25 0.25 0.05]
174,"[-0.22497694  0.00322123  0.          0.          0.          0.
  1.        ]",[-0.06563253  0.16512005  0.99947912  1.        ],[-0.06619771  0.16567395  0.99610731],6,6,[0.25 0.25 0.05]
175,"[-0.22497364  0.00344386  0.          0.          0.          0.
  1.        ]",[-0.06854315  0.16506502  0.99948704  1.        ],[-0.06910721  0.16561824  0.99611432],6,6,[0.25 0.25 0.05]
176,"[-0.22497003  0.00367213  0.          0.          0.          0.
  1.        ]",[-0.07144862  0.16501343  0.99949877  1.        ],[-0.07201163  0.16556604  0.99612516],6,6,[0.25 0.25 0.05]
177,"[-0.22496609  0.003906    0.          0.          0.          0.
  1.        ]",[-0.07434968  0.16496552  0.99951383  1.        ],[-0.0749117   0.16551763  0.99613934],6,6,[0.25 0.25 0.05]
178,"[-0.22496181  0.00414542  0.          0.          0.          0.
  1.        ]",[-0.077247    0.16492142  0.99953175  1.        ],[-0.07780805  0.16547304  0.99615639],6,6,[0.25 0.25 0.05]
179,"[-0.22495716  0.00439059  0.          0.          0.          0.
  1.        ]",[-0.08014121  0.16488124  0.99955209  1.        ],[-0.08070131  0.16543236  0.99617587],6,6,[0.25 0.25 0.05]
180,"[-0.22495211  0.00464181  0.          0.          0.          0.
  1.        ]",[-0.08303287  0.16484507  0.99957448  1.        ],[-0.08359202  0.16539568  0.9961974 ],6,3,[0.25 0.25 0.05]
181,"[-0.22494665  0.00489948  0.          0.          0.          0.
  1.        ]",[-0.08592244  0.16481298  0.99959858  1.        ],[-0.08648064  0.16536309  0.99622065],3,3,[0.25 0.25 0.05]
182,"[-0.22494073  0.00516408  0.          0.          0.          0.
  1.        ]",[-0.08881029  0.16478506  0.99962412  1.        ],[-0.08936755  0.16533466  0.99624535],3,3,[0.25 0.25 0.05]
183,"[-0.22493432  0.00543614  0.          0.          0.          0.
  1.        ]",[-0.09169672  0.1647614   0.99965091  1.        ],[-0.09225304  0.1653105   0.9962713 ],3,3,[0.25 0.25 0.05]
184,"[-0.22492738  0.00571626  0.          0.          0.          0.
  1.        ]",[-0.09458194  0.16474209  0.99967879  1.        ],[-0.09513733  0.16529069  0.99629834],3,3,[0.25 0.25 0.05]
185,"[-0.22491985  0.00600509  0.          0.          0.          0.
  1.        ]",[-0.0974661   0.16472725  0.99970765  1.        ],[-0.09802056  0.16527534  0.99632637],3,3,[0.25 0.25 0.05]
186,"[-0.22491169  0.00630338  0.          0.          0.          0.
  1.        ]",[-0.10034928  0.16471701  0.99973742  1.        ],[-0.10090284  0.16526459  0.99635531],3,3,[0.25 0.25 0.05]
187,"[-0.22490283  0.0066119   0.          0.          0.          0.
  1.        ]",[-0.10323154  0.16471149  0.99976806  1.        ],[-0.1037842   0.16525856  0.99638513],3,3,[0.25 0.25 0.05]
188,"[-0.2248932   0.00693157  0.          0.          0.          0.
  1.        ]",[-0.1061129   0.16471087  0.99979955  1.        ],[-0.10666467  0.16525742  0.99641581],3,3,[0.25 0.25 0.05]
189,"[-0.22488273  0.00726339  0.          0.          0.          0.
  1.        ]",[-0.10899333  0.1647153   0.9998319   1.        ],[-0.10954423  0.16526133  0.99644736],3,3,[0.25 0.25 0.05]
190,"[-0.22487132  0.0076085   0.          0.          0.          0.
  1.        ]",[-0.11187281  0.16472496  0.99986511  1.        ],[-0.11242285  0.16527048  0.99647977],3,3,[0.25 0.25 0.05]
191,"[-0.22485886  0.00796821  0.          0.          0.          0.
  1.        ]",[-0.1147513   0.16474007  0.99989922  1.        ],[-0.1153005   0.16528506  0.99651309],3,3,[0.25 0.25 0.05]
192,"[-0.22484523  0.00834406  0.          0.          0.          0.
  1.        ]",[-0.11762874  0.16476084  0.99993424  1.        ],[-0.11817711  0.1653053   0.99654733],3,3,[0.25 0.25 0.05]
193,"[-0.22483027  0.00873786  0.          0.          0.          0.
  1.        ]",[-0.12050507  0.16478751  0.99997019  1.        ],[-0.12105265  0.16533143  0.99658251],3,3,[0.25 0.25 0.05]
194,"[-0.2248138   0.00915175  0.          0.          0.          0.
  1.        ]",[-0.12338025  0.16482035  1.00000712  1.        ],[-0.12392704  0.16536372  0.99661867],3,3,[0.25 0.25 0.05]
195,"[-0.2247956   0.00958834  0.          0.          0.          0.
  1.        ]",[-0.12625421  0.16485963  1.00004503  1.        ],[-0.12680023  0.16540247  0.99665583],3,3,[0.25 0.25 0.05]
196,"[-0.2247754   0.01005078  0.          0.          0.          0.
  1.        ]",[-0.12912688  0.1649057   1.00008396  1.        ],[-0.12967216  0.16544798  0.99669402],3,3,[0.25 0.25 0.05]
197,"[-0.22475285  0.01054303  0.          0.          0.          0.
  1.        ]",[-0.13199823  0.1649589   1.00012392  1.        ],[-0.13254277  0.16550063  0.99673324],3,3,[0.25 0.25 0.05]
198,"[-0.22472751  0.01107005  0.          0.          0.          0.
  1.        ]",[-0.13486817  0.16501967  1.00016493  1.        ],[-0.13541201  0.16556084  0.99677353],3,3,[0.25 0.25 0.05]
199,"[-0.2246988   0.01163823  0.          0.          0.          0.
  1.        ]",[-0.13773665  0.16508848  1.00020701  1.        ],[-0.1382798   0.16562909  0.99681489],3,3,[0.25 0.25 0.05]
200,"[-0.22466595  0.01225597  0.          0.          0.          0.
  1.        ]",[-0.1406036   0.16516589  1.00025016  1.        ],[-0.14114608  0.16570594  0.99685734],3,3,[0.25 0.25 0.05]
201,"[-0.2246279   0.01293463  0.          0.          0.          0.
  1.        ]",[-0.14346894  0.16525259  1.0002944   1.        ],[-0.14401076  0.16579206  0.99690089],3,3,[0.25 0.25 0.05]
202,"[-0.22458313  0.01369008  0.          0.          0.          0.
  1.        ]",[-0.14633256  0.16534939  1.00033974  1.        ],[-0.14687376  0.16588829  0.99694555],3,3,[0.25 0.25 0.05]
203,"[-0.22452936  0.01454539  0.          0.          0.          0.
  1.        ]",[-0.14919434  0.16545734  1.0003862   1.        ],[-0.14973493  0.16599566  0.99699134],3,3,[0.25 0.25 0.05]
204,"[-0.224463    0.01553589  0.          0.          0.          0.
  1.        ]",[-0.15205412  0.16557781  1.00043378  1.        ],[-0.15259411  0.16611555  0.99703827],3,3,[0.25 0.25 0.05]
205,"[-0.22437794  0.01671949  0.          0.          0.          0.
  1.        ]",[-0.15491164  0.16571266  1.00048253  1.        ],[-0.15545105  0.16624981  0.99708637],3,3,[0.25 0.25 0.05]
206,"[-0.22426266  0.01820047  0.          0.          0.          0.
  1.        ]",[-0.15776652  0.16586463  1.00053248  1.        ],[-0.15830537  0.16640119  0.99713569],3,3,[0.25 0.25 0.05]
207,"[-0.22409194  0.02019409  0.          0.          0.          0.
  1.        ]",[-0.16061809  0.16603812  1.00058373  1.        ],[-0.1611564   0.16657408  0.99718631],3,3,[0.25 0.25 0.05]
208,"[-0.22379492  0.02325581  0.          0.          0.          0.
  1.        ]",[-0.16346499  0.1662416   1.00063642  1.        ],[-0.16400276  0.16677696  0.99723839],3,3,[0.25 0.25 0.05]
209,[ 0.    0.   -0.15  0.    0.    0.    1.  ],[-0.164897    0.16625779  0.999809    1.        ],[-0.16543372  0.16679539  0.99640977],3,3,[0.25 0.25 0.05]
210,[ 0.    0.   -0.15  0.    0.    0.    1.  ],[-0.16499562  0.16601249  0.99822707  1.        ],[-0.16553115  0.16655215  0.99482702],3,3,[0.25 0.25 0.05]
211,[ 0.    0.   -0.15  0.    0.    0.    1.  ],[-0.16479389  0.16572075  0.99650017  1.        ],[-0.16532867  0.16626009  0.99309973],3,3,[0.25 0.25 0.05]
212,[ 0.    0.   -0.15  0.    0.    0.    1.  ],[-0.16451267  0.16546528  0.99474217  1.        ],[-0.16504681  0.16600307  0.99134148],3,3,[0.25 0.25 0.05]
213,[ 0.    0.   -0.15  0.    0.    0.    1.  ],[-0.16421206  0.16525992  0.99297308  1.        ],[-0.16474536  0.16579584  0.98957218],3,3,[0.25 0.25 0.05]
214,[ 0.    0.   -0.15  0.    0.    0.    1.  ],[-0.16391314  0.16509942  0.99119485  1.        ],[-0.16444527  0.16563352  0.98779377],3,3,[0.25 0.25 0.05]
215,[ 0.    0.   -0.15  0.    0.    0.    1.  ],[-0.16362542  0.16497426  0.9894061   1.        ],[-0.164156    0.16550676  0.98600485],3,3,[0.25 0.25 0.05]
216,[ 0.    0.   -0.15  0.    0.    0.    1.  ],[-0.16335358  0.16487497  0.98760532  1.        ],[-0.16388226  0.1654061   0.98420391],3,3,[0.25 0.25 0.05]
217,[ 0.    0.   -0.15  0.    0.    0.    1.  ],[-0.16309967  0.16479343  0.98579162  1.        ],[-0.16362614  0.16532342  0.98239004],3,3,[0.25 0.25 0.05]
218,[ 0.    0.   -0.15  0.    0.    0.    1.  ],[-0.1628641   0.16472328  0.98396476  1.        ],[-0.16338813  0.16525234  0.980563  ],3,3,[0.25 0.25 0.05]
219,[ 0.    0.   -0.15  0.    0.    0.    1.  ],[-0.16264625  0.16465991  0.98212505  1.        ],[-0.16316768  0.16518819  0.97872311],3,3,[0.25 0.25 0.05]
220,[ 0.    0.   -0.15  0.    0.    0.    1.  ],[-0.16244491  0.16460018  0.9802732   1.        ],[-0.16296363  0.16512779  0.97687106],3,3,[0.25 0.25 0.05]
221,[ 0.    0.   -0.15  0.    0.    0.    1.  ],[-0.16225852  0.16454216  0.97841015  1.        ],[-0.16277448  0.16506919  0.97500781],3,3,[0.25 0.25 0.05]
222,[ 0.    0.   -0.15  0.    0.    0.    1.  ],[-0.16208542  0.16448482  0.97653697  1.        ],[-0.16259861  0.16501132  0.9731344 ],3,3,[0.25 0.25 0.05]
223,[ 0.    0.   -0.15  0.    0.    0.    1.  ],[-0.16192397  0.16442777  0.97465473  1.        ],[-0.16243444  0.16495377  0.97125192],3,3,[0.25 0.25 0.05]
224,[ 0.    0.   -0.15  0.    0.    0.    1.  ],[-0.16177268  0.16437099  0.97276447  1.        ],[-0.16228048  0.1648965   0.9693614 ],3,3,[0.25 0.25 0.05]
225,[ 0.    0.   -0.15  0.    0.    0.    1.  ],[-0.16163021  0.16431469  0.97086713  1.        ],[-0.16213544  0.16483972  0.96746379],3,3,[0.25 0.25 0.05]
226,[ 0.    0.   -0.15  0.    0.    0.    1.  ],[-0.16149545  0.16425921  0.96896355  1.        ],[-0.16199822  0.16478375  0.9655599 ],3,3,[0.25 0.25 0.05]
227,[ 0.    0.   -0.15  0.    0.    0.    1.  ],[-0.1613675   0.16420488  0.96705441  1.        ],[-0.16186791  0.16472892  0.96365043],3,3,[0.25 0.25 0.05]
228,[ 0.    0.   -0.15  0.    0.    0.    1.  ],[-0.16124566  0.16415201  0.96514028  1.        ],[-0.16174382  0.16467554  0.96173594],3,3,[0.25 0.25 0.05]
229,[ 0.    0.   -0.15  0.    0.    0.    1.  ],[-0.16112942  0.16410085  0.9632216   1.        ],[-0.16162547  0.16462385  0.95981686],3,3,[0.25 0.25 0.05]
230,[ 0.    0.   -0.15  0.    0.    0.    1.  ],[-0.16101847  0.1640516   0.9612987   1.        ],[-0.16151251  0.16457406  0.95789352],3,3,[0.25 0.25 0.05]
231,[ 0.    0.   -0.15  0.    0.    0.    1.  ],[-0.16091263  0.16400438  0.9593718   1.        ],[-0.1614048   0.1645263   0.95596613],3,3,[0.25 0.25 0.05]
232,[ 0.    0.   -0.15  0.    0.    0.    1.  ],[-0.16081189  0.16395927  0.95744103  1.        ],[-0.16130229  0.16448063  0.95403482],3,3,[0.25 0.25 0.05]
233,[ 0.    0.   -0.15  0.    0.    0.    1.  ],[-0.16071635  0.16391632  0.95550642  1.        ],[-0.16120509  0.1644371   0.95209963],3,3,[0.25 0.25 0.05]
234,[ 0.    0.   -0.15  0.    0.    0.    1.  ],[-0.16062623  0.16387554  0.95356796  1.        ],[-0.16111343  0.16439574  0.95016053],3,3,[0.25 0.25 0.05]
235,[ 0.    0.   -0.15  0.    0.    0.    1.  ],[-0.16054187  0.16383693  0.95162555  1.        ],[-0.16102765  0.16435654  0.94821741],3,3,[0.25 0.25 0.05]
236,[ 0.    0.   -0.15  0.    0.    0.    1.  ],[-0.1604637   0.16380049  0.94967905  1.        ],[-0.16094816  0.16431951  0.94627015],3,3,[0.25 0.25 0.05]
237,[ 0.    0.   -0.15  0.    0.    0.    1.  ],[-0.16039224  0.16376622  0.94772827  1.        ],[-0.1608755   0.16428465  0.94431854],3,3,[0.25 0.25 0.05]
238,[ 0.    0.   -0.15  0.    0.    0.    1.  ],[-0.1603281   0.16373414  0.94577297  1.        ],[-0.16081028  0.16425198  0.94236234],3,3,[0.25 0.25 0.05]
239,[ 0.    0.   -0.15  0.    0.    0.    1.  ],[-0.16027199  0.16370427  0.94381287  1.        ],[-0.16075319  0.16422153  0.94040128],3,3,[0.25 0.25 0.05]
240,[ 0.    0.   -0.15  0.    0.    0.    1.  ],[-0.1602247   0.16367667  0.94184767  1.        ],[-0.16070503  0.16419336  0.93843504],3,3,[0.25 0.25 0.05]
241,[ 0.    0.   -0.15  0.    0.    0.    1.  ],[-0.16018709  0.16365141  0.93987703  1.        ],[-0.16066668  0.16416754  0.93646328],3,3,[0.25 0.25 0.05]
242,[ 0.    0.   -0.15  0.    0.    0.    1.  ],[-0.1601641   0.16362673  0.93789876  1.        ],[-0.16064303  0.16414219  0.93448381],3,3,[0.25 0.25 0.05]
243,[ 0.    0.   -0.15  0.    0.    0.    1.  ],[-0.16016308  0.16360346  0.93590877  1.        ],[-0.16064136  0.16411821  0.9324925 ],3,3,[0.25 0.25 0.05]
244,[ 0.    0.   -0.15  0.    0.    0.    1.  ],[-0.16018592  0.16358337  0.93390636  1.        ],[-0.16066355  0.1640974   0.93048869],3,3,[0.25 0.25 0.05]
245,[ 0.    0.   -0.15  0.    0.    0.    1.  ],[-0.16023795  0.16357572  0.93189167  1.        ],[-0.16071485  0.16408912  0.92847251],3,3,[0.25 0.25 0.05]
246,[ 0.    0.   -0.15  0.    0.    0.    1.  ],[-0.16032335  0.16358687  0.9298644   1.        ],[-0.16079952  0.16409975  0.92644365],3,3,[0.25 0.25 0.05]
247,[ 0  0  0  0  0  0 -1],[-0.16057246  0.16360589  0.92867405 -1.        ],[-0.16104473  0.16411764  0.92525076],3,3,[0.25 0.25 0.05]
248,[ 0  0  0  0  0  0 -1],[-0.16093746  0.16367399  0.9282691  -1.        ],[-0.16139567  0.16411303  0.92484496],3,3,[0.25 0.25 0.05]
249,[ 0  0  0  0  0  0 -1],[-0.16130552  0.16381135  0.92804633 -1.        ],[-0.1617463   0.16411145  0.92462257],3,3,[0.25 0.25 0.05]
250,[ 0  0  0  0  0  0 -1],[-0.16163182  0.16400062  0.92789211 -1.        ],[-0.16205113  0.164129    0.92447101],3,3,[0.25 0.25 0.05]
251,[ 0  0  0  0  0  0 -1],[-0.16192734  0.16422528  0.92777135 -1.        ],[-0.16231666  0.16416163  0.92435668],3,3,[0.25 0.25 0.05]
252,[ 0  0  0  0  0  0 -1],[-0.16233694  0.1644454   0.92760082 -1.        ],[-0.1624532   0.16427646  0.92437098],3,3,[0.25 0.25 0.05]
253,[ 0  0  0  0  0  0 -1],[-0.16308384  0.16466374  0.92726363 -1.        ],[-0.16227517  0.16440089  0.92458168],3,3,[0.25 0.25 0.05]
254,[ 0  0  0  0  0  0 -1],[-0.163829    0.16488668  0.92693188 -1.        ],[-0.16217794  0.1644606   0.92468619],3,3,[0.25 0.25 0.05]
255,[ 0  0  0  0  0  0 -1],[-0.16450989  0.1651084   0.92663505 -1.        ],[-0.16213078  0.16448945  0.92473608],3,3,[0.25 0.25 0.05]
256,[ 0  0  0  0  0  0 -1],[-0.16512347  0.16532493  0.92637305 -1.        ],[-0.16210749  0.16450369  0.92476048],3,3,[0.25 0.25 0.05]
257,[ 0  0  0  0  0  0 -1],[-0.16567037  0.16553345  0.92614444 -1.        ],[-0.16209589  0.16451077  0.92477254],3,3,[0.25 0.25 0.05]
258,[ 0  0  0  0  0  0 -1],[-0.16615198  0.16573217  0.92594773 -1.        ],[-0.16209009  0.16451432  0.92477853],3,3,[0.25 0.25 0.05]
259,[ 0  0  0  0  0  0 -1],[-0.16657019  0.16592019  0.92578144 -1.        ],[-0.16208719  0.16451609  0.92478151],3,3,[0.25 0.25 0.05]
260,[ 0  0  0  0  0  0 -1],[-0.16692738  0.16609721  0.92564404 -1.        ],[-0.16208573  0.16451698  0.924783  ],3,3,[0.25 0.25 0.05]
261,[ 0.    0.    0.15  0.    0.    0.   -1.  ],[-0.16736022  0.1662332   0.92637607 -1.        ],[-0.162085    0.16451743  0.92478375],3,3,[0.25 0.25 0.05]
262,[ 0.    0.    0.15  0.    0.    0.   -1.  ],[-0.16803692  0.16630186  0.92780841 -1.        ],[-0.16208463  0.16451765  0.92478412],3,3,[0.25 0.25 0.05]
263,[ 0.    0.    0.15  0.    0.    0.   -1.  ],[-0.16877831  0.16632341  0.92936742 -1.        ],[-0.16208445  0.16451776  0.9247843 ],3,3,[0.25 0.25 0.05]
264,[ 0.    0.    0.15  0.    0.    0.   -1.  ],[-0.16951264  0.16633173  0.93096114 -1.        ],[-0.16208436  0.16451782  0.9247844 ],3,3,[0.25 0.25 0.05]
265,[ 0.    0.    0.15  0.    0.    0.   -1.  ],[-0.17021623  0.1663433   0.93257757 -1.        ],[-0.16208431  0.16451785  0.92478444],3,3,[0.25 0.25 0.05]
266,[ 0.    0.    0.15  0.    0.    0.   -1.  ],[-0.17087846  0.16636053  0.93421708 -1.        ],[-0.16208429  0.16451786  0.92478447],3,3,[0.25 0.25 0.05]
267,[ 0.    0.    0.15  0.    0.    0.   -1.  ],[-0.17149439  0.1663832   0.93588106 -1.        ],[-0.16208428  0.16451787  0.92478448],3,3,[0.25 0.25 0.05]
268,[ 0.    0.    0.15  0.    0.    0.   -1.  ],[-0.17206482  0.16641546  0.93756979 -1.        ],[-0.16208427  0.16451788  0.92478448],3,3,[0.25 0.25 0.05]
269,[ 0.    0.    0.15  0.    0.    0.   -1.  ],[-0.17259297  0.16645842  0.93928183 -1.        ],[-0.16208426  0.16451788  0.92478449],3,3,[0.25 0.25 0.05]
270,[ 0.    0.    0.15  0.    0.    0.   -1.  ],[-0.17308158  0.16650926  0.94101521 -1.        ],[-0.16208425  0.16451789  0.92478449],3,3,[0.25 0.25 0.05]
271,[ 0.    0.    0.15  0.    0.    0.   -1.  ],[-0.17353474  0.16656626  0.94276745 -1.        ],[-0.16208424  0.16451789  0.92478449],3,3,[0.25 0.25 0.05]
272,[ 0.    0.    0.15  0.    0.    0.   -1.  ],[-0.17395742  0.16662808  0.94453564 -1.        ],[-0.16208423  0.1645179   0.92478449],3,3,[0.25 0.25 0.05]
273,[ 0.    0.    0.15  0.    0.    0.   -1.  ],[-0.17435512  0.16669372  0.94631665 -1.        ],[-0.16208422  0.16451791  0.92478449],3,3,[0.25 0.25 0.05]
274,[ 0.    0.    0.15  0.    0.    0.   -1.  ],[-0.17473358  0.16676243  0.94810725 -1.        ],[-0.16208421  0.16451791  0.92478449],3,3,[0.25 0.25 0.05]
275,[ 0.    0.    0.15  0.    0.    0.   -1.  ],[-0.17509168  0.16682763  0.94990566 -1.        ],[-0.1620842   0.16451792  0.92478449],3,3,[0.25 0.25 0.05]
276,[ 0.    0.    0.15  0.    0.    0.   -1.  ],[-0.1754238   0.16687831  0.95171259 -1.        ],[-0.16208419  0.16451792  0.92478449],3,3,[0.25 0.25 0.05]
277,[ 0.    0.    0.15  0.    0.    0.   -1.  ],[-0.17573111  0.16691304  0.95352776 -1.        ],[-0.16208418  0.16451793  0.92478449],3,3,[0.25 0.25 0.05]
278,[ 0.    0.    0.15  0.    0.    0.   -1.  ],[-0.17601592  0.166934    0.95535073 -1.        ],[-0.16208417  0.16451794  0.92478449],3,3,[0.25 0.25 0.05]
279,[ 0.    0.    0.15  0.    0.    0.   -1.  ],[-0.17628076  0.16694382  0.95718092 -1.        ],[-0.16208416  0.16451794  0.92478449],3,3,[0.25 0.25 0.05]
280,[ 0.    0.    0.15  0.    0.    0.   -1.  ],[-0.1765283   0.16694506  0.95901756 -1.        ],[-0.16208415  0.16451795  0.92478449],3,3,[0.25 0.25 0.05]
281,[ 0.    0.    0.15  0.    0.    0.   -1.  ],[-0.17676117  0.16694003  0.96085976 -1.        ],[-0.16208414  0.16451795  0.92478449],3,3,[0.25 0.25 0.05]
282,[ 0.    0.    0.15  0.    0.    0.   -1.  ],[-0.17698194  0.16693061  0.96270658 -1.        ],[-0.16208413  0.16451796  0.92478449],3,3,[0.25 0.25 0.05]
283,[ 0.    0.    0.15  0.    0.    0.   -1.  ],[-0.17719292  0.16691824  0.96455702 -1.        ],[-0.16208412  0.16451797  0.92478449],3,3,[0.25 0.25 0.05]
284,[ 0.    0.    0.15  0.    0.    0.   -1.  ],[-0.17739612  0.16690395  0.96641018 -1.        ],[-0.16208411  0.16451797  0.92478449],3,3,[0.25 0.25 0.05]
285,[ 0.    0.    0.15  0.    0.    0.   -1.  ],[-0.17759315  0.16688834  0.96826527 -1.        ],[-0.1620841   0.16451798  0.92478449],3,3,[0.25 0.25 0.05]
286,[ 0.    0.    0.15  0.    0.    0.   -1.  ],[-0.17778543  0.16687209  0.97012164 -1.        ],[-0.16208409  0.16451799  0.92478449],3,3,[0.25 0.25 0.05]
287,[ 0.    0.    0.15  0.    0.    0.   -1.  ],[-0.17797697  0.16686092  0.97197857 -1.        ],[-0.16208408  0.16451799  0.92478449],3,3,[0.25 0.25 0.05]
288,[ 0.    0.    0.15  0.    0.    0.   -1.  ],[-0.17817277  0.16686079  0.97383461 -1.        ],[-0.16208407  0.164518    0.92478449],3,3,[0.25 0.25 0.05]
289,[ 0.    0.    0.15  0.    0.    0.   -1.  ],[-0.1783802   0.16687292  0.97568498 -1.        ],[-0.16208406  0.164518    0.92478449],3,3,[0.25 0.25 0.05]
290,[ 0.    0.    0.15  0.    0.    0.   -1.  ],[-0.1786081   0.16689811  0.9775228  -1.        ],[-0.16208405  0.16451801  0.92478449],3,3,[0.25 0.25 0.05]
291,[ 0.    0.    0.15  0.    0.    0.   -1.  ],[-0.17885972  0.1669353   0.97934521 -1.        ],[-0.16208404  0.16451802  0.92478449],3,3,[0.25 0.25 0.05]
292,[ 0.    0.    0.15  0.    0.    0.   -1.  ],[-0.17913504  0.16698072  0.98115133 -1.        ],[-0.16208403  0.16451802  0.92478449],3,3,[0.25 0.25 0.05]
293,[ 0.    0.    0.15  0.    0.    0.   -1.  ],[-0.17943258  0.16703066  0.98294121 -1.        ],[-0.16208402  0.16451803  0.92478449],3,3,[0.25 0.25 0.05]
294,[ 0.    0.    0.15  0.    0.    0.   -1.  ],[-0.17974993  0.1670821   0.9847157  -1.        ],[-0.16208401  0.16451803  0.92478449],3,3,[0.25 0.25 0.05]
295,[ 0.    0.    0.15  0.    0.    0.   -1.  ],[-0.18008398  0.16713276  0.98647629 -1.        ],[-0.162084    0.16451804  0.92478449],3,3,[0.25 0.25 0.05]
296,[ 0.    0.    0.15  0.    0.    0.   -1.  ],[-0.18043116  0.16718106  0.98822497 -1.        ],[-0.16208399  0.16451805  0.92478449],3,3,[0.25 0.25 0.05]
297,[ 0.    0.    0.15  0.    0.    0.   -1.  ],[-0.18078767  0.16722601  0.98996407 -1.        ],[-0.16208398  0.16451805  0.92478449],3,3,[0.25 0.25 0.05]
298,[ 0.    0.    0.15  0.    0.    0.   -1.  ],[-0.18114958  0.16726708  0.99169611 -1.        ],[-0.16208397  0.16451806  0.92478449],3,3,[0.25 0.25 0.05]
299,[ 0.    0.    0.15  0.    0.    0.   -1.  ],[-0.18151301  0.16730412  0.99342376 -1.        ],[-0.16208396  0.16451806  0.92478449],3,3,[0.25 0.25 0.05]
300,[ 0.    0.    0.15  0.    0.    0.   -1.  ],[-0.18187423  0.16733719  0.99514966 -1.        ],[-0.16208395  0.16451807  0.92478449],3,3,[0.25 0.25 0.05]
