step,action,eef_pos,good,target_pos,in_target
0,[ 0.0049521 -0.3        0.        -1.       ],[ 0.1413029  -0.17885835],False,[0.06691724 0.04814369],False
1,[ 0.0049521 -0.3        0.        -1.       ],[ 0.14278591 -0.18308965],False,[0.06691724 0.04814369],False
2,[ 0.0049521 -0.3        0.        -1.       ],[ 0.14385634 -0.18698158],False,[0.06691724 0.04814369],False
3,[ 0.0049521 -0.3        0.        -1.       ],[ 0.14441858 -0.19076833],False,[0.06691724 0.04814369],False
4,[ 0.0049521 -0.3        0.        -1.       ],[ 0.14458063 -0.19449794],False,[0.06691724 0.04814369],False
5,[ 0.0049521 -0.3        0.        -1.       ],[ 0.14444878 -0.19818945],False,[0.06691724 0.04814369],False
6,[ 0.0049521 -0.3        0.        -1.       ],[ 0.14411659 -0.20185691],False,[0.06691724 0.04814369],False
7,[ 0.0049521 -0.3        0.        -1.       ],[ 0.14366217 -0.20551229],False,[0.06691724 0.04814369],False
8,[ 0.0049521 -0.3        0.        -1.       ],[ 0.14314241 -0.2091647 ],False,[0.06691724 0.04814369],False
9,[ 0.0049521 -0.3        0.        -1.       ],[ 0.14258164 -0.21281704],False,[0.06691724 0.04814369],False
10,[ 0.0049521 -0.3        0.        -1.       ],[ 0.14202722 -0.21647764],False,[0.06691724 0.04814369],False
11,[ 0.0049521 -0.3        0.        -1.       ],[ 0.14150651 -0.22015169],False,[0.06691724 0.04814369],False
12,[ 0.0049521 -0.3        0.        -1.       ],[ 0.14104324 -0.22384653],False,[0.06691724 0.04814369],False
13,[ 0.0049521 -0.3        0.        -1.       ],[ 0.14063177 -0.22755714],False,[0.06691724 0.04814369],False
14,[ 0.0049521 -0.3        0.        -1.       ],[ 0.14026396 -0.23127875],False,[0.06691724 0.04814369],False
15,[ 0.0049521 -0.3        0.        -1.       ],[ 0.13994076 -0.23501211],False,[0.06691724 0.04814369],False
16,[ 0.0049521 -0.3        0.        -1.       ],[ 0.13966127 -0.23875756],False,[0.06691724 0.04814369],False
17,[ 0.0049521 -0.3        0.        -1.       ],[ 0.13942261 -0.24251482],False,[0.06691724 0.04814369],False
18,[ 0.0049521 -0.3        0.        -1.       ],[ 0.13922068 -0.24628311],False,[0.06691724 0.04814369],False
19,[ 0.0049521 -0.3        0.        -1.       ],[ 0.13905064 -0.25006132],False,[0.06691724 0.04814369],False
20,[ 0.0049521 -0.3        0.        -1.       ],[ 0.13890745 -0.25384811],False,[0.06691724 0.04814369],False
21,[ 0.0049521 -0.3        0.        -1.       ],[ 0.13878617 -0.25764206],False,[0.06691724 0.04814369],False
22,[-0.07050909  0.3         0.         -1.        ],[ 0.13841529 -0.25829452],True,[0.06691724 0.04814369],False
23,[-0.07050909  0.3         0.         -1.        ],[ 0.13811867 -0.25667473],True,[0.06691724 0.04814369],False
24,[-0.07050909  0.3         0.         -1.        ],[ 0.13798372 -0.25450539],True,[0.06691724 0.04814369],False
25,[-0.07050909  0.3         0.         -1.        ],[ 0.13791181 -0.2519567 ],True,[0.06691724 0.04814369],False
26,[-0.07050909  0.3         0.         -1.        ],[ 0.13783149 -0.24908274],True,[0.06691724 0.04814369],False
27,[-0.07050909  0.3         0.         -1.        ],[ 0.13769588 -0.24594001],True,[0.06691724 0.04814369],False
28,[-0.07050909  0.3         0.         -1.        ],[ 0.13748885 -0.24259162],True,[0.06691724 0.04814369],False
29,[-0.07050909  0.3         0.         -1.        ],[ 0.13718915 -0.23908457],True,[0.06691724 0.04814369],False
30,[-0.07050909  0.3         0.         -1.        ],[ 0.13678499 -0.23545772],True,[0.06691724 0.04814369],False
31,[-0.07050909  0.3         0.         -1.        ],[ 0.13627406 -0.23174243],True,[0.06691724 0.04814369],False
32,[-0.07050909  0.3         0.         -1.        ],[ 0.13566119 -0.22796331],True,[0.06691724 0.04814369],False
33,[-0.07050909  0.3         0.         -1.        ],[ 0.13495602 -0.22413922],True,[0.06691724 0.04814369],False
34,[-0.07050909  0.3         0.         -1.        ],[ 0.13417101 -0.2202844 ],True,[0.06691724 0.04814369],False
35,[-0.07050909  0.3         0.         -1.        ],[ 0.1333199  -0.21640946],True,[0.06691724 0.04814369],False
36,[-0.07050909  0.3         0.         -1.        ],[ 0.13241648 -0.21252223],True,[0.06691724 0.04814369],False
37,[-0.07050909  0.3         0.         -1.        ],[ 0.13147379 -0.20862841],True,[0.06691724 0.04814369],False
38,[-0.07050909  0.3         0.         -1.        ],[ 0.13050356 -0.20473209],True,[0.06691724 0.04814369],False
39,[-0.07050909  0.3         0.         -1.        ],[ 0.12951591 -0.20083612],True,[0.06691724 0.04814369],False
40,[-0.07050909  0.3         0.         -1.        ],[ 0.1285192  -0.19694245],True,[0.06691724 0.04814369],False
41,[-0.07050909  0.3         0.         -1.        ],[ 0.12752007 -0.19305229],True,[0.06691724 0.04814369],False
42,[-0.07050909  0.3         0.         -1.        ],[ 0.12652355 -0.18916634],True,[0.06691724 0.04814369],False
43,[-0.07050909  0.3         0.         -1.        ],[ 0.1255332  -0.18528488],True,[0.06691724 0.04814369],False
44,[-0.07050909  0.3         0.         -1.        ],[ 0.12455133 -0.1814079 ],True,[0.06691724 0.04814369],False
45,[-0.07050909  0.3         0.         -1.        ],[ 0.12357922 -0.17753519],True,[0.06691724 0.04814369],False
46,[-0.07050909  0.3         0.         -1.        ],[ 0.12261733 -0.17366637],True,[0.06691724 0.04814369],False
47,[-0.07050909  0.3         0.         -1.        ],[ 0.1216655  -0.16980099],True,[0.06691724 0.04814369],False
48,[-0.07050909  0.3         0.         -1.        ],[ 0.12072312 -0.16593856],True,[0.06691724 0.04814369],False
49,[-0.07050909  0.3         0.         -1.        ],[ 0.11978932 -0.16207856],True,[0.06691724 0.04814369],False
50,[-0.07050909  0.3         0.         -1.        ],[ 0.11886305 -0.1582205 ],True,[0.06691724 0.04814369],False
51,[-0.07050909  0.3         0.         -1.        ],[ 0.1179432  -0.15436391],True,[0.06691724 0.04814369],False
52,[-0.07050909  0.3         0.         -1.        ],[ 0.11702869 -0.15050838],True,[0.06691724 0.04814369],False
53,[-0.07050909  0.3         0.         -1.        ],[ 0.11611851 -0.14665353],True,[0.06691724 0.04814369],False
54,[-0.07050909  0.3         0.         -1.        ],[ 0.11521175 -0.14279907],True,[0.06691724 0.04814369],False
55,[-0.07050909  0.3         0.         -1.        ],[ 0.11430762 -0.13894473],True,[0.06691724 0.04814369],False
56,[-0.07050909  0.3         0.         -1.        ],[ 0.11340549 -0.1350903 ],True,[0.06691724 0.04814369],False
57,[-0.07050909  0.3         0.         -1.        ],[ 0.11250482 -0.13123563],True,[0.06691724 0.04814369],False
58,[-0.07050909  0.3         0.         -1.        ],[ 0.11160522 -0.12738059],True,[0.06691724 0.04814369],False
59,[-0.07050909  0.3         0.         -1.        ],[ 0.11070639 -0.1235251 ],True,[0.06691724 0.04814369],False
60,[-0.07050909  0.3         0.         -1.        ],[ 0.10980814 -0.11966909],True,[0.06691724 0.04814369],False
61,[-0.07050909  0.3         0.         -1.        ],[ 0.10891034 -0.11581254],True,[0.06691724 0.04814369],False
62,[-0.07050909  0.3         0.         -1.        ],[ 0.10801292 -0.11195541],True,[0.06691724 0.04814369],False
63,[-0.07050909  0.3         0.         -1.        ],[ 0.10711587 -0.10809769],True,[0.06691724 0.04814369],False
64,[-0.07050909  0.3         0.         -1.        ],[ 0.10621921 -0.10423938],True,[0.06691724 0.04814369],False
65,[-0.07050909  0.3         0.         -1.        ],[ 0.10532298 -0.10038048],True,[0.06691724 0.04814369],False
66,[-0.07050909  0.3         0.         -1.        ],[ 0.10442723 -0.096521  ],True,[0.06691724 0.04814369],False
67,[-0.07050909  0.3         0.         -1.        ],[ 0.10353201 -0.09266093],True,[0.06691724 0.04814369],False
68,[-0.07050909  0.3         0.         -1.        ],[ 0.10263739 -0.08880027],True,[0.06691724 0.04814369],False
69,[-0.07050909  0.3         0.         -1.        ],[ 0.10174342 -0.08493904],True,[0.06691724 0.04814369],False
70,[-0.07050909  0.3         0.         -1.        ],[ 0.10085014 -0.08107722],True,[0.06691724 0.04814369],False
71,[-0.07050909  0.3         0.         -1.        ],[ 0.09995761 -0.07721481],True,[0.06691724 0.04814369],False
72,[-0.07050909  0.3         0.         -1.        ],[ 0.09906585 -0.07335181],True,[0.06691724 0.04814369],False
73,[-0.07050909  0.3         0.         -1.        ],[ 0.09817488 -0.06948821],True,[0.06691724 0.04814369],False
74,[-0.07050909  0.3         0.         -1.        ],[ 0.09728472 -0.065624  ],True,[0.06691724 0.04814369],False
75,[-0.07050909  0.3         0.         -1.        ],[ 0.0963954  -0.06175918],True,[0.06691724 0.04814369],False
76,[-0.07050909  0.3         0.         -1.        ],[ 0.09550689 -0.05789373],True,[0.06691724 0.04814369],False
77,[-0.07050909  0.3         0.         -1.        ],[ 0.09461922 -0.05402764],True,[0.06691724 0.04814369],False
78,[-0.07050909  0.3         0.         -1.        ],[ 0.09373237 -0.0501609 ],True,[0.06691724 0.04814369],False
79,[-0.07050909  0.3         0.         -1.        ],[ 0.09284634 -0.04629351],True,[0.06691724 0.04814369],False
80,[-0.07050909  0.3         0.         -1.        ],[ 0.09196112 -0.04242545],True,[0.06691724 0.04814369],False
81,[-0.07050909  0.3         0.         -1.        ],[ 0.0910767  -0.03855671],True,[0.06691724 0.04814369],False
82,[-0.07050909  0.3         0.         -1.        ],[ 0.09019307 -0.03468728],True,[0.06691724 0.04814369],False
83,[-0.07050909  0.3         0.         -1.        ],[ 0.08931022 -0.03081716],True,[0.06691724 0.04814369],False
84,[-0.07050909  0.3         0.         -1.        ],[ 0.08842813 -0.02694633],True,[0.06691724 0.04814369],False
85,[-0.07050909  0.3         0.         -1.        ],[ 0.0875468  -0.02307479],True,[0.06691724 0.04814369],False
86,[-0.07050909  0.3         0.         -1.        ],[ 0.08666622 -0.01920253],True,[0.06691724 0.04814369],False
87,[-0.07050909  0.3         0.         -1.        ],[ 0.08578638 -0.01532953],True,[0.06691724 0.04814369],False
88,[-0.07050909  0.3         0.         -1.        ],[ 0.08490726 -0.01145581],True,[0.06691724 0.04814369],False
89,[-0.07050909  0.3         0.         -1.        ],[ 0.08402887 -0.00758134],True,[0.06691724 0.04814369],False
90,[-0.07050909  0.3         0.         -1.        ],[ 0.08315118 -0.00370613],True,[0.06691724 0.04814369],False
91,[-0.09392862  0.3         0.         -1.        ],[0.08215376 0.00016943],True,[0.06691724 0.04814369],True
92,[-0.09392862  0.3         0.         -1.        ],[0.08107636 0.00404544],True,[0.06691724 0.04814369],True
93,[-0.09392862  0.3         0.         -1.        ],[0.07998314 0.0079226 ],True,[0.06691724 0.04814369],True
94,[-0.09392862  0.3         0.         -1.        ],[0.07887707 0.01180069],True,[0.06691724 0.04814369],True
95,[-0.09392862  0.3         0.         -1.        ],[0.07775779 0.01567939],True,[0.06691724 0.04814369],True
96,[-0.09392862  0.3         0.         -1.        ],[0.07662555 0.01955851],True,[0.06691724 0.04814369],True
97,[-0.09392862  0.3         0.         -1.        ],[0.07548132 0.02343795],True,[0.06691724 0.04814369],True
98,[-0.09392862  0.3         0.         -1.        ],[0.07432651 0.02731767],True,[0.06691724 0.04814369],True
99,[-0.09392862  0.3         0.         -1.        ],[0.07316278 0.03119773],True,[0.06691724 0.04814369],True
100,[-0.09392862  0.3         0.         -1.        ],[0.07199188 0.03507816],True,[0.06691724 0.04814369],True
101,[ 0  0  0 -1],[0.07131202 0.0373087 ],True,[0.06691724 0.04814369],True
102,[ 0  0  0 -1],[0.07098485 0.03823341],True,[0.06691724 0.04814369],True
103,[ 0  0  0 -1],[0.0707419  0.03880114],True,[0.06691724 0.04814369],True
104,[ 0  0  0 -1],[0.07056397 0.03914197],True,[0.06691724 0.04814369],True
105,[ 0  0  0 -1],[0.07044569 0.03933136],True,[0.06691724 0.04814369],True
106,[ 0  0  0 -1],[0.0703813  0.03944552],True,[0.06691724 0.04814369],True
107,[ 0  0  0 -1],[0.07035141 0.03951453],True,[0.06691724 0.04814369],True
108,[ 0  0  0 -1],[0.07033224 0.03955891],True,[0.06691724 0.04814369],True
109,[ 0  0  0 -1],[0.07031741 0.03958787],True,[0.06691724 0.04814369],True
110,[ 0  0  0 -1],[0.07030456 0.03960885],True,[0.06691724 0.04814369],True
111,[ 0  0  0 -1],[0.07029385 0.03962717],True,[0.06691724 0.04814369],True
112,[ 0  0  0 -1],[0.07028482 0.03964607],True,[0.06691724 0.04814369],True
113,[ 0  0  0 -1],[0.07027705 0.03966727],True,[0.06691724 0.04814369],True
114,[ 0  0  0 -1],[0.0702702  0.03969109],True,[0.06691724 0.04814369],True
115,[ 0  0  0 -1],[0.0702642  0.03971541],True,[0.06691724 0.04814369],True
116,[ 0  0  0 -1],[0.07025894 0.03973841],True,[0.06691724 0.04814369],True
117,[ 0  0  0 -1],[0.07025407 0.03975934],True,[0.06691724 0.04814369],True
118,[ 0  0  0 -1],[0.07024951 0.03977826],True,[0.06691724 0.04814369],True
119,[ 0  0  0 -1],[0.07024525 0.03979534],True,[0.06691724 0.04814369],True
120,[ 0  0  0 -1],[0.07024125 0.03981074],True,[0.06691724 0.04814369],True
121,[ 0  0  0 -1],[0.07023751 0.03982463],True,[0.06691724 0.04814369],True
122,[ 0  0  0 -1],[0.07023399 0.03983714],True,[0.06691724 0.04814369],True
123,[ 0  0  0 -1],[0.07023069 0.0398484 ],True,[0.06691724 0.04814369],True
124,[ 0  0  0 -1],[0.07022759 0.03985853],True,[0.06691724 0.04814369],True
125,[ 0  0  0 -1],[0.07022466 0.03986764],True,[0.06691724 0.04814369],True
126,[ 0  0  0 -1],[0.07022189 0.03987582],True,[0.06691724 0.04814369],True
127,[ 0  0  0 -1],[0.07021919 0.03988316],True,[0.06691724 0.04814369],True
128,[ 0  0  0 -1],[0.07021658 0.03988973],True,[0.06691724 0.04814369],True
129,[ 0  0  0 -1],[0.07021403 0.0398956 ],True,[0.06691724 0.04814369],True
130,[ 0  0  0 -1],[0.07021156 0.03990084],True,[0.06691724 0.04814369],True
131,[ 0  0  0 -1],[0.07020914 0.03990551],True,[0.06691724 0.04814369],True
132,[ 0  0  0 -1],[0.07020678 0.03990966],True,[0.06691724 0.04814369],True
133,[ 0  0  0 -1],[0.07020448 0.03991334],True,[0.06691724 0.04814369],True
134,[ 0  0  0 -1],[0.07020224 0.03991658],True,[0.06691724 0.04814369],True
135,[ 0  0  0 -1],[0.07020004 0.03991944],True,[0.06691724 0.04814369],True
136,[ 0  0  0 -1],[0.07019789 0.03992195],True,[0.06691724 0.04814369],True
137,[ 0  0  0 -1],[0.07019578 0.03992413],True,[0.06691724 0.04814369],True
138,[ 0  0  0 -1],[0.07019372 0.03992603],True,[0.06691724 0.04814369],True
139,[ 0  0  0 -1],[0.07019169 0.03992768],True,[0.06691724 0.04814369],True
140,[ 0  0  0 -1],[0.0701897  0.03992923],True,[0.06691724 0.04814369],True
141,[ 0  0  0 -1],[0.07018773 0.03993078],True,[0.06691724 0.04814369],True
142,[ 0  0  0 -1],[0.07018578 0.0399323 ],True,[0.06691724 0.04814369],True
143,[ 0  0  0 -1],[0.07018385 0.03993382],True,[0.06691724 0.04814369],True
144,[ 0  0  0 -1],[0.07018195 0.03993532],True,[0.06691724 0.04814369],True
145,[ 0  0  0 -1],[0.07018006 0.03993681],True,[0.06691724 0.04814369],True
146,[ 0  0  0 -1],[0.0701782  0.03993828],True,[0.06691724 0.04814369],True
147,[ 0  0  0 -1],[0.07017637 0.03993974],True,[0.06691724 0.04814369],True
148,[ 0  0  0 -1],[0.07017455 0.03994119],True,[0.06691724 0.04814369],True
149,[ 0  0  0 -1],[0.07017276 0.03994263],True,[0.06691724 0.04814369],True
150,[ 0  0  0 -1],[0.07017098 0.03994405],True,[0.06691724 0.04814369],True
151,[ 0  0  0 -1],[0.07016923 0.03994546],True,[0.06691724 0.04814369],True
152,[ 0  0  0 -1],[0.0701675  0.03994686],True,[0.06691724 0.04814369],True
153,[ 0  0  0 -1],[0.07016578 0.03994824],True,[0.06691724 0.04814369],True
154,[ 0  0  0 -1],[0.07016409 0.03994961],True,[0.06691724 0.04814369],True
155,[ 0  0  0 -1],[0.07016242 0.03995097],True,[0.06691724 0.04814369],True
156,[ 0  0  0 -1],[0.07016077 0.03995232],True,[0.06691724 0.04814369],True
157,[ 0  0  0 -1],[0.07015913 0.03995366],True,[0.06691724 0.04814369],True
158,[ 0  0  0 -1],[0.07015752 0.03995498],True,[0.06691724 0.04814369],True
159,[ 0  0  0 -1],[0.07015593 0.03995629],True,[0.06691724 0.04814369],True
160,[ 0  0  0 -1],[0.07015435 0.03995759],True,[0.06691724 0.04814369],True
161,[ 0  0  0 -1],[0.07015279 0.03995888],True,[0.06691724 0.04814369],True
162,[ 0  0  0 -1],[0.07015125 0.03996016],True,[0.06691724 0.04814369],True
163,[ 0  0  0 -1],[0.07014973 0.03996143],True,[0.06691724 0.04814369],True
164,[ 0  0  0 -1],[0.07014823 0.03996268],True,[0.06691724 0.04814369],True
165,[ 0  0  0 -1],[0.07014674 0.03996393],True,[0.06691724 0.04814369],True
166,[ 0  0  0 -1],[0.07014527 0.03996516],True,[0.06691724 0.04814369],True
167,[ 0  0  0 -1],[0.07014382 0.03996638],True,[0.06691724 0.04814369],True
168,[ 0  0  0 -1],[0.07014239 0.03996759],True,[0.06691724 0.04814369],True
169,[ 0  0  0 -1],[0.07014097 0.03996879],True,[0.06691724 0.04814369],True
170,[ 0  0  0 -1],[0.07013957 0.03996998],True,[0.06691724 0.04814369],True
171,[ 0  0  0 -1],[0.07013818 0.03997116],True,[0.06691724 0.04814369],True
172,[ 0  0  0 -1],[0.07013681 0.03997233],True,[0.06691724 0.04814369],True
173,[ 0  0  0 -1],[0.07013546 0.03997349],True,[0.06691724 0.04814369],True
174,[ 0  0  0 -1],[0.07013413 0.03997464],True,[0.06691724 0.04814369],True
175,[ 0  0  0 -1],[0.07013281 0.03997578],True,[0.06691724 0.04814369],True
176,[ 0  0  0 -1],[0.0701315 0.0399769],True,[0.06691724 0.04814369],True
177,[ 0  0  0 -1],[0.07013021 0.03997802],True,[0.06691724 0.04814369],True
178,[ 0  0  0 -1],[0.07012894 0.03997913],True,[0.06691724 0.04814369],True
179,[ 0  0  0 -1],[0.07012768 0.03998023],True,[0.06691724 0.04814369],True
180,[ 0  0  0 -1],[0.07012643 0.03998132],True,[0.06691724 0.04814369],True
181,[ 0  0  0 -1],[0.0701252 0.0399824],True,[0.06691724 0.04814369],True
182,[ 0  0  0 -1],[0.07012398 0.03998347],True,[0.06691724 0.04814369],True
183,[ 0  0  0 -1],[0.07012278 0.03998453],True,[0.06691724 0.04814369],True
184,[ 0  0  0 -1],[0.07012159 0.03998558],True,[0.06691724 0.04814369],True
185,[ 0  0  0 -1],[0.07012042 0.03998662],True,[0.06691724 0.04814369],True
186,[ 0  0  0 -1],[0.07011926 0.03998765],True,[0.06691724 0.04814369],True
187,[ 0  0  0 -1],[0.07011811 0.03998868],True,[0.06691724 0.04814369],True
188,[ 0  0  0 -1],[0.07011698 0.03998969],True,[0.06691724 0.04814369],True
189,[ 0  0  0 -1],[0.07011586 0.03999069],True,[0.06691724 0.04814369],True
190,[ 0  0  0 -1],[0.07011475 0.03999169],True,[0.06691724 0.04814369],True
191,[ 0  0  0 -1],[0.07011366 0.03999268],True,[0.06691724 0.04814369],True
192,[ 0  0  0 -1],[0.07011258 0.03999366],True,[0.06691724 0.04814369],True
193,[ 0  0  0 -1],[0.07011151 0.03999463],True,[0.06691724 0.04814369],True
194,[ 0  0  0 -1],[0.07011046 0.03999559],True,[0.06691724 0.04814369],True
195,[ 0  0  0 -1],[0.07010941 0.03999654],True,[0.06691724 0.04814369],True
196,[ 0  0  0 -1],[0.07010838 0.03999749],True,[0.06691724 0.04814369],True
197,[ 0  0  0 -1],[0.07010736 0.03999842],True,[0.06691724 0.04814369],True
198,[ 0  0  0 -1],[0.07010636 0.03999935],True,[0.06691724 0.04814369],True
199,[ 0  0  0 -1],[0.07010536 0.04000027],True,[0.06691724 0.04814369],True
200,[ 0  0  0 -1],[0.07010438 0.04000119],True,[0.06691724 0.04814369],True
201,[ 0  0  0 -1],[0.07010341 0.04000209],True,[0.06691724 0.04814369],True
202,[ 0  0  0 -1],[0.07010244 0.04000299],True,[0.06691724 0.04814369],True
203,[ 0  0  0 -1],[0.0701015  0.04000388],True,[0.06691724 0.04814369],True
204,[ 0  0  0 -1],[0.07010056 0.04000476],True,[0.06691724 0.04814369],True
205,[ 0  0  0 -1],[0.07009963 0.04000563],True,[0.06691724 0.04814369],True
206,[ 0  0  0 -1],[0.07009871 0.04000649],True,[0.06691724 0.04814369],True
207,[ 0  0  0 -1],[0.07009781 0.04000735],True,[0.06691724 0.04814369],True
208,[ 0  0  0 -1],[0.07009691 0.0400082 ],True,[0.06691724 0.04814369],True
209,[ 0  0  0 -1],[0.07009603 0.04000904],True,[0.06691724 0.04814369],True
210,[ 0  0  0 -1],[0.07009515 0.04000988],True,[0.06691724 0.04814369],True
211,[ 0  0  0 -1],[0.07009429 0.04001071],True,[0.06691724 0.04814369],True
212,[ 0  0  0 -1],[0.07009344 0.04001153],True,[0.06691724 0.04814369],True
213,[ 0  0  0 -1],[0.07009259 0.04001234],True,[0.06691724 0.04814369],True
214,[ 0  0  0 -1],[0.07009176 0.04001315],True,[0.06691724 0.04814369],True
215,[ 0  0  0 -1],[0.07009093 0.04001395],True,[0.06691724 0.04814369],True
216,[ 0  0  0 -1],[0.07009012 0.04001474],True,[0.06691724 0.04814369],True
217,[ 0  0  0 -1],[0.07008931 0.04001553],True,[0.06691724 0.04814369],True
218,[ 0  0  0 -1],[0.07008852 0.04001631],True,[0.06691724 0.04814369],True
219,[ 0  0  0 -1],[0.07008773 0.04001708],True,[0.06691724 0.04814369],True
220,[ 0  0  0 -1],[0.07008696 0.04001784],True,[0.06691724 0.04814369],True
221,[ 0  0  0 -1],[0.07008619 0.0400186 ],True,[0.06691724 0.04814369],True
222,[ 0  0  0 -1],[0.07008543 0.04001935],True,[0.06691724 0.04814369],True
223,[ 0  0  0 -1],[0.07008468 0.0400201 ],True,[0.06691724 0.04814369],True
224,[ 0  0  0 -1],[0.07008394 0.04002084],True,[0.06691724 0.04814369],True
225,[ 0  0  0 -1],[0.0700832  0.04002157],True,[0.06691724 0.04814369],True
226,[ 0  0  0 -1],[0.07008248 0.0400223 ],True,[0.06691724 0.04814369],True
227,[ 0  0  0 -1],[0.07008176 0.04002302],True,[0.06691724 0.04814369],True
228,[ 0  0  0 -1],[0.07008106 0.04002373],True,[0.06691724 0.04814369],True
229,[ 0  0  0 -1],[0.07008036 0.04002444],True,[0.06691724 0.04814369],True
230,[ 0  0  0 -1],[0.07007967 0.04002514],True,[0.06691724 0.04814369],True
231,[ 0  0  0 -1],[0.07007898 0.04002583],True,[0.06691724 0.04814369],True
232,[ 0  0  0 -1],[0.07007831 0.04002652],True,[0.06691724 0.04814369],True
233,[ 0  0  0 -1],[0.07007764 0.0400272 ],True,[0.06691724 0.04814369],True
234,[ 0  0  0 -1],[0.07007698 0.04002788],True,[0.06691724 0.04814369],True
235,[ 0  0  0 -1],[0.07007633 0.04002855],True,[0.06691724 0.04814369],True
236,[ 0  0  0 -1],[0.07007569 0.04002922],True,[0.06691724 0.04814369],True
237,[ 0  0  0 -1],[0.07007505 0.04002988],True,[0.06691724 0.04814369],True
238,[ 0  0  0 -1],[0.07007442 0.04003053],True,[0.06691724 0.04814369],True
239,[ 0  0  0 -1],[0.0700738  0.04003118],True,[0.06691724 0.04814369],True
240,[-0.07443227 -0.3         0.         -1.        ],[0.06970894 0.03841629],False,[0.06691724 0.04814369],True
241,[-0.07443227 -0.3         0.         -1.        ],[0.06910659 0.0355332 ],False,[0.06691724 0.04814369],True
242,[-0.07443227 -0.3         0.         -1.        ],[0.0684487  0.03231306],False,[0.06691724 0.04814369],True
243,[-0.07443227 -0.3         0.         -1.        ],[0.06774559 0.02887787],False,[0.06691724 0.04814369],True
244,[-0.07443227 -0.3         0.         -1.        ],[0.06701348 0.02528077],False,[0.06691724 0.04814369],True
245,[-0.07443227 -0.3         0.         -1.        ],[0.06624967 0.02156444],False,[0.06691724 0.04814369],True
246,[-0.07443227 -0.3         0.         -1.        ],[0.06545259 0.01776519],False,[0.06691724 0.04814369],True
247,[-0.07443227 -0.3         0.         -1.        ],[0.06462341 0.01391202],False,[0.06691724 0.04814369],True
248,[-0.07443227 -0.3         0.         -1.        ],[0.06376531 0.01002669],False,[0.06691724 0.04814369],True
249,[-0.07443227 -0.3         0.         -1.        ],[0.06288255 0.00612455],False,[0.06691724 0.04814369],True
250,[-0.07443227 -0.3         0.         -1.        ],[0.06197985 0.00221576],False,[0.06691724 0.04814369],True
251,[-0.07443227 -0.3         0.         -1.        ],[ 0.06106186 -0.0016935 ],False,[0.06691724 0.04814369],True
252,[-0.07443227 -0.3         0.         -1.        ],[ 0.06013284 -0.0055999 ],False,[0.06691724 0.04814369],False
253,[-0.07443227 -0.3         0.         -1.        ],[ 0.05919648 -0.00950205],False,[0.06691724 0.04814369],False
254,[-0.07443227 -0.3         0.         -1.        ],[ 0.05825583 -0.01339975],False,[0.06691724 0.04814369],False
255,[-0.07443227 -0.3         0.         -1.        ],[ 0.0573133 -0.0172935],False,[0.06691724 0.04814369],False
256,[-0.07443227 -0.3         0.         -1.        ],[ 0.0563707  -0.02118411],False,[0.06691724 0.04814369],False
257,[-0.07443227 -0.3         0.         -1.        ],[ 0.05542929 -0.02507249],False,[0.06691724 0.04814369],False
258,[-0.07443227 -0.3         0.         -1.        ],[ 0.0544899  -0.02895948],False,[0.06691724 0.04814369],False
259,[-0.07443227 -0.3         0.         -1.        ],[ 0.05355302 -0.03284581],False,[0.06691724 0.04814369],False
260,[-0.07443227 -0.3         0.         -1.        ],[ 0.05261884 -0.03673204],False,[0.06691724 0.04814369],False
261,[-0.07443227 -0.3         0.         -1.        ],[ 0.05168736 -0.0406186 ],False,[0.06691724 0.04814369],False
262,[-0.07443227 -0.3         0.         -1.        ],[ 0.05075847 -0.04450578],False,[0.06691724 0.04814369],False
263,[-0.07443227 -0.3         0.         -1.        ],[ 0.04983194 -0.04839379],False,[0.06691724 0.04814369],False
264,[-0.07443227 -0.3         0.         -1.        ],[ 0.04890752 -0.05228272],False,[0.06691724 0.04814369],False
265,[-0.07443227 -0.3         0.         -1.        ],[ 0.04798493 -0.05617264],False,[0.06691724 0.04814369],False
266,[-0.07443227 -0.3         0.         -1.        ],[ 0.04706392 -0.06006355],False,[0.06691724 0.04814369],False
267,[-0.07443227 -0.3         0.         -1.        ],[ 0.04614423 -0.06395545],False,[0.06691724 0.04814369],False
268,[-0.07443227 -0.3         0.         -1.        ],[ 0.04522567 -0.06784831],False,[0.06691724 0.04814369],False
269,[-0.07443227 -0.3         0.         -1.        ],[ 0.04430804 -0.0717421 ],False,[0.06691724 0.04814369],False
270,[-0.07443227 -0.3         0.         -1.        ],[ 0.04339121 -0.07563681],False,[0.06691724 0.04814369],False
271,[-0.07443227 -0.3         0.         -1.        ],[ 0.04247507 -0.07953239],False,[0.06691724 0.04814369],False
272,[-0.07443227 -0.3         0.         -1.        ],[ 0.04155952 -0.08342883],False,[0.06691724 0.04814369],False
273,[-0.07443227 -0.3         0.         -1.        ],[ 0.04064451 -0.08732611],False,[0.06691724 0.04814369],False
274,[-0.07443227 -0.3         0.         -1.        ],[ 0.03973    -0.09122421],False,[0.06691724 0.04814369],False
275,[-0.07443227 -0.3         0.         -1.        ],[ 0.03881596 -0.09512313],False,[0.06691724 0.04814369],False
276,[-0.07443227 -0.3         0.         -1.        ],[ 0.03790239 -0.09902286],False,[0.06691724 0.04814369],False
277,[-0.07443227 -0.3         0.         -1.        ],[ 0.03699006 -0.10292363],False,[0.06691724 0.04814369],False
278,[-0.07443227 -0.3         0.         -1.        ],[ 0.03607766 -0.10682513],False,[0.06691724 0.04814369],False
279,[-0.07443227 -0.3         0.         -1.        ],[ 0.0351617 -0.1107264],False,[0.06691724 0.04814369],False
280,[-0.07443227 -0.3         0.         -1.        ],[ 0.03424063 -0.11462702],False,[0.06691724 0.04814369],False
281,[-0.07443227 -0.3         0.         -1.        ],[ 0.03331083 -0.11852564],False,[0.06691724 0.04814369],False
282,[ 0.06049059  0.3         0.         -1.        ],[ 0.03313327 -0.11912863],True,[0.06691724 0.04814369],False
283,[ 0.06049059  0.3         0.         -1.        ],[ 0.03354716 -0.11712914],True,[0.06691724 0.04814369],False
284,[ 0.06049059  0.3         0.         -1.        ],[ 0.0341184  -0.11444714],True,[0.06691724 0.04814369],False
285,[ 0.06049059  0.3         0.         -1.        ],[ 0.03478632 -0.11136374],True,[0.06691724 0.04814369],False
286,[ 0.06049059  0.3         0.         -1.        ],[ 0.03551157 -0.10798368],True,[0.06691724 0.04814369],False
287,[ 0.06049059  0.3         0.         -1.        ],[ 0.03626789 -0.10438369],True,[0.06691724 0.04814369],False
288,[ 0.06049059  0.3         0.         -1.        ],[ 0.03703577 -0.10062859],True,[0.06691724 0.04814369],False
289,[ 0.06049059  0.3         0.         -1.        ],[ 0.03780514 -0.09677145],True,[0.06691724 0.04814369],False
290,[ 0.06049059  0.3         0.         -1.        ],[ 0.03857057 -0.09285289],True,[0.06691724 0.04814369],False
291,[ 0.06049059  0.3         0.         -1.        ],[ 0.03932948 -0.08890211],True,[0.06691724 0.04814369],False
292,[ 0.06049059  0.3         0.         -1.        ],[ 0.04007801 -0.08493798],True,[0.06691724 0.04814369],False
293,[ 0.06049059  0.3         0.         -1.        ],[ 0.04081308 -0.08097257],True,[0.06691724 0.04814369],False
294,[ 0.06049059  0.3         0.         -1.        ],[ 0.04153701 -0.07701268],True,[0.06691724 0.04814369],False
295,[ 0.06049059  0.3         0.         -1.        ],[ 0.04225218 -0.07306136],True,[0.06691724 0.04814369],False
296,[ 0.06049059  0.3         0.         -1.        ],[ 0.0429612  -0.06911955],True,[0.06691724 0.04814369],False
297,[ 0.06049059  0.3         0.         -1.        ],[ 0.04366665 -0.06518691],True,[0.06691724 0.04814369],False
298,[ 0.06049059  0.3         0.         -1.        ],[ 0.04436541 -0.06126151],True,[0.06691724 0.04814369],False
299,[ 0.06049059  0.3         0.         -1.        ],[ 0.04505579 -0.05734164],True,[0.06691724 0.04814369],False
300,[ 0.06049059  0.3         0.         -1.        ],[ 0.04573726 -0.05342586],True,[0.06691724 0.04814369],False
301,[ 0.06049059  0.3         0.         -1.        ],[ 0.04640949 -0.04951299],True,[0.06691724 0.04814369],False
302,[ 0.06049059  0.3         0.         -1.        ],[ 0.04707222 -0.04560212],True,[0.06691724 0.04814369],False
303,[ 0.06049059  0.3         0.         -1.        ],[ 0.04772509 -0.04169256],True,[0.06691724 0.04814369],False
304,[ 0.06049059  0.3         0.         -1.        ],[ 0.04836777 -0.03778391],True,[0.06691724 0.04814369],False
305,[ 0.06049059  0.3         0.         -1.        ],[ 0.04900031 -0.03387595],True,[0.06691724 0.04814369],False
306,[ 0.06049059  0.3         0.         -1.        ],[ 0.04962316 -0.02996866],True,[0.06691724 0.04814369],False
307,[ 0.06049059  0.3         0.         -1.        ],[ 0.05023888 -0.02606221],True,[0.06691724 0.04814369],False
308,[ 0.06049059  0.3         0.         -1.        ],[ 0.05084994 -0.02215677],True,[0.06691724 0.04814369],False
309,[ 0.06049059  0.3         0.         -1.        ],[ 0.05145834 -0.01825244],True,[0.06691724 0.04814369],False
310,[ 0.06049059  0.3         0.         -1.        ],[ 0.05206569 -0.01434933],True,[0.06691724 0.04814369],False
311,[ 0.06049059  0.3         0.         -1.        ],[ 0.05267319 -0.01044749],True,[0.06691724 0.04814369],False
312,[ 0.06049059  0.3         0.         -1.        ],[ 0.0532817  -0.00654698],True,[0.06691724 0.04814369],False
313,[ 0.06049059  0.3         0.         -1.        ],[ 0.05389178 -0.00264781],True,[0.06691724 0.04814369],False
314,[ 0.06049059  0.3         0.         -1.        ],[0.05450377 0.00125001],True,[0.06691724 0.04814369],True
315,[ 0.06049059  0.3         0.         -1.        ],[0.05511783 0.00514646],True,[0.06691724 0.04814369],True
316,[ 0.06049059  0.3         0.         -1.        ],[0.05573398 0.00904156],True,[0.06691724 0.04814369],True
317,[ 0.06049059  0.3         0.         -1.        ],[0.05635214 0.0129353 ],True,[0.06691724 0.04814369],True
318,[ 0.06049059  0.3         0.         -1.        ],[0.05697221 0.0168277 ],True,[0.06691724 0.04814369],True
319,[ 0.  0.  0. -1.],[0.05728886 0.01906955],True,[0.06691724 0.04814369],True
320,[ 0.  0.  0. -1.],[0.05741335 0.02000937],True,[0.06691724 0.04814369],True
321,[ 0.  0.  0. -1.],[0.05750877 0.02059039],True,[0.06691724 0.04814369],True
322,[ 0.  0.  0. -1.],[0.05758118 0.02093842],True,[0.06691724 0.04814369],True
323,[ 0.  0.  0. -1.],[0.05762616 0.02113258],True,[0.06691724 0.04814369],True
324,[ 0.  0.  0. -1.],[0.05763879 0.02124661],True,[0.06691724 0.04814369],True
325,[ 0.  0.  0. -1.],[0.05763745 0.0213169 ],True,[0.06691724 0.04814369],True
326,[ 0.  0.  0. -1.],[0.0576368  0.02136163],True,[0.06691724 0.04814369],True
327,[ 0.  0.  0. -1.],[0.05763673 0.02139095],True,[0.06691724 0.04814369],True
328,[ 0.  0.  0. -1.],[0.05763695 0.02141272],True,[0.06691724 0.04814369],True
329,[ 0.  0.  0. -1.],[0.05763728 0.02143215],True,[0.06691724 0.04814369],True
330,[ 0.  0.  0. -1.],[0.05763759 0.02145236],True,[0.06691724 0.04814369],True
331,[ 0.  0.  0. -1.],[0.05763781 0.02147496],True,[0.06691724 0.04814369],True
332,[ 0.  0.  0. -1.],[0.05763794 0.02150003],True,[0.06691724 0.04814369],True
333,[ 0.  0.  0. -1.],[0.05763805 0.02152526],True,[0.06691724 0.04814369],True
334,[ 0.  0.  0. -1.],[0.0576382  0.02154901],True,[0.06691724 0.04814369],True
335,[ 0.  0.  0. -1.],[0.05763842 0.02157066],True,[0.06691724 0.04814369],True
336,[ 0.  0.  0. -1.],[0.0576387  0.02159028],True,[0.06691724 0.04814369],True
337,[ 0.  0.  0. -1.],[0.05763904 0.02160803],True,[0.06691724 0.04814369],True
338,[ 0.  0.  0. -1.],[0.05763943 0.02162409],True,[0.06691724 0.04814369],True
339,[ 0.  0.  0. -1.],[0.05763986 0.02163861],True,[0.06691724 0.04814369],True
340,[ 0.  0.  0. -1.],[0.05764033 0.02165172],True,[0.06691724 0.04814369],True
341,[ 0.  0.  0. -1.],[0.05764084 0.02166357],True,[0.06691724 0.04814369],True
342,[ 0.  0.  0. -1.],[0.05764137 0.02167426],True,[0.06691724 0.04814369],True
343,[ 0.  0.  0. -1.],[0.05764194 0.0216839 ],True,[0.06691724 0.04814369],True
344,[ 0.  0.  0. -1.],[0.05764253 0.02169258],True,[0.06691724 0.04814369],True
345,[ 0.  0.  0. -1.],[0.05764314 0.0217004 ],True,[0.06691724 0.04814369],True
346,[ 0.  0.  0. -1.],[0.05764377 0.02170744],True,[0.06691724 0.04814369],True
347,[ 0.  0.  0. -1.],[0.05764441 0.02171376],True,[0.06691724 0.04814369],True
348,[ 0.  0.  0. -1.],[0.05764507 0.02171943],True,[0.06691724 0.04814369],True
349,[ 0.  0.  0. -1.],[0.05764574 0.02172451],True,[0.06691724 0.04814369],True
350,[ 0.  0.  0. -1.],[0.05764642 0.02172905],True,[0.06691724 0.04814369],True
351,[ 0.  0.  0. -1.],[0.05764711 0.02173311],True,[0.06691724 0.04814369],True
352,[ 0.  0.  0. -1.],[0.0576478  0.02173672],True,[0.06691724 0.04814369],True
353,[ 0.  0.  0. -1.],[0.0576485  0.02173993],True,[0.06691724 0.04814369],True
354,[ 0.  0.  0. -1.],[0.0576492  0.02174278],True,[0.06691724 0.04814369],True
355,[ 0.  0.  0. -1.],[0.05764991 0.0217453 ],True,[0.06691724 0.04814369],True
356,[ 0.  0.  0. -1.],[0.05765061 0.02174751],True,[0.06691724 0.04814369],True
357,[ 0.  0.  0. -1.],[0.05765132 0.02174945],True,[0.06691724 0.04814369],True
358,[ 0.  0.  0. -1.],[0.05765203 0.02175116],True,[0.06691724 0.04814369],True
359,[ 0.  0.  0. -1.],[0.05765273 0.02175277],True,[0.06691724 0.04814369],True
360,[ 0.  0.  0. -1.],[0.05765342 0.02175437],True,[0.06691724 0.04814369],True
361,[ 0.  0.  0. -1.],[0.05765411 0.02175595],True,[0.06691724 0.04814369],True
362,[ 0.  0.  0. -1.],[0.05765478 0.02175752],True,[0.06691724 0.04814369],True
363,[ 0.  0.  0. -1.],[0.05765545 0.02175908],True,[0.06691724 0.04814369],True
364,[ 0.  0.  0. -1.],[0.05765611 0.02176062],True,[0.06691724 0.04814369],True
365,[ 0.  0.  0. -1.],[0.05765677 0.02176215],True,[0.06691724 0.04814369],True
366,[ 0.  0.  0. -1.],[0.05765741 0.02176367],True,[0.06691724 0.04814369],True
367,[ 0.  0.  0. -1.],[0.05765805 0.02176517],True,[0.06691724 0.04814369],True
368,[ 0.  0.  0. -1.],[0.05765868 0.02176666],True,[0.06691724 0.04814369],True
369,[ 0.  0.  0. -1.],[0.0576593  0.02176813],True,[0.06691724 0.04814369],True
370,[ 0.  0.  0. -1.],[0.05765992 0.02176959],True,[0.06691724 0.04814369],True
371,[ 0.  0.  0. -1.],[0.05766052 0.02177104],True,[0.06691724 0.04814369],True
372,[ 0.  0.  0. -1.],[0.05766112 0.02177248],True,[0.06691724 0.04814369],True
373,[ 0.  0.  0. -1.],[0.05766172 0.0217739 ],True,[0.06691724 0.04814369],True
374,[ 0.  0.  0. -1.],[0.0576623  0.02177531],True,[0.06691724 0.04814369],True
375,[ 0.  0.  0. -1.],[0.05766288 0.02177671],True,[0.06691724 0.04814369],True
376,[ 0.  0.  0. -1.],[0.05766345 0.02177809],True,[0.06691724 0.04814369],True
377,[ 0.  0.  0. -1.],[0.05766402 0.02177946],True,[0.06691724 0.04814369],True
378,[ 0.  0.  0. -1.],[0.05766458 0.02178082],True,[0.06691724 0.04814369],True
379,[ 0.  0.  0. -1.],[0.05766513 0.02178217],True,[0.06691724 0.04814369],True
380,[ 0.  0.  0. -1.],[0.05766567 0.02178351],True,[0.06691724 0.04814369],True
381,[-0.02885396 -0.3         0.         -1.        ],[0.05754036 0.0201649 ],False,[0.06691724 0.04814369],True
382,[-0.02885396 -0.3         0.         -1.        ],[0.057327   0.01725921],False,[0.06691724 0.04814369],True
383,[-0.02885396 -0.3         0.         -1.        ],[0.0570808  0.01400958],False,[0.06691724 0.04814369],True
384,[-0.02885396 -0.3         0.         -1.        ],[0.05681913 0.01054572],False,[0.06691724 0.04814369],True
385,[-0.02885396 -0.3         0.         -1.        ],[0.05655393 0.00692195],False,[0.06691724 0.04814369],True
386,[-0.02885396 -0.3         0.         -1.        ],[0.0562826  0.00318175],False,[0.06691724 0.04814369],True
387,[-0.02885396 -0.3         0.         -1.        ],[ 0.05600297 -0.00063846],False,[0.06691724 0.04814369],True
388,[-0.02885396 -0.3         0.         -1.        ],[ 0.05571438 -0.00450989],False,[0.06691724 0.04814369],False
389,[-0.02885396 -0.3         0.         -1.        ],[ 0.05541723 -0.00841121],False,[0.06691724 0.04814369],False
390,[-0.02885396 -0.3         0.         -1.        ],[ 0.05511264 -0.01232751],False,[0.06691724 0.04814369],False
391,[-0.02885396 -0.3         0.         -1.        ],[ 0.05480199 -0.01624911],False,[0.06691724 0.04814369],False
392,[-0.02885396 -0.3         0.         -1.        ],[ 0.05448678 -0.0201702 ],False,[0.06691724 0.04814369],False
393,[-0.02885396 -0.3         0.         -1.        ],[ 0.05416838 -0.02408779],False,[0.06691724 0.04814369],False
394,[-0.02885396 -0.3         0.         -1.        ],[ 0.05384799 -0.02800072],False,[0.06691724 0.04814369],False
395,[-0.02885396 -0.3         0.         -1.        ],[ 0.05352662 -0.03190897],False,[0.06691724 0.04814369],False
396,[-0.02885396 -0.3         0.         -1.        ],[ 0.05320513 -0.03581316],False,[0.06691724 0.04814369],False
397,[-0.02885396 -0.3         0.         -1.        ],[ 0.05288532 -0.03971431],False,[0.06691724 0.04814369],False
398,[-0.02885396 -0.3         0.         -1.        ],[ 0.0525633  -0.04361291],False,[0.06691724 0.04814369],False
399,[-0.02885396 -0.3         0.         -1.        ],[ 0.05223586 -0.04750933],False,[0.06691724 0.04814369],False
400,[-0.02885396 -0.3         0.         -1.        ],[ 0.0518954  -0.05140336],False,[0.06691724 0.04814369],False
401,[-0.02885396 -0.3         0.         -1.        ],[ 0.05152691 -0.05529409],False,[0.06691724 0.04814369],False
402,[-0.02885396 -0.3         0.         -1.        ],[ 0.05112636 -0.05918097],False,[0.06691724 0.04814369],False
403,[-0.02885396 -0.3         0.         -1.        ],[ 0.05070361 -0.06306485],False,[0.06691724 0.04814369],False
404,[-0.02885396 -0.3         0.         -1.        ],[ 0.05026995 -0.06694687],False,[0.06691724 0.04814369],False
405,[-0.02885396 -0.3         0.         -1.        ],[ 0.0498284  -0.07082734],False,[0.06691724 0.04814369],False
406,[-0.02885396 -0.3         0.         -1.        ],[ 0.04937946 -0.07470624],False,[0.06691724 0.04814369],False
407,[-0.02885396 -0.3         0.         -1.        ],[ 0.04892284 -0.07858345],False,[0.06691724 0.04814369],False
408,[-0.02885396 -0.3         0.         -1.        ],[ 0.04845813 -0.08245878],False,[0.06691724 0.04814369],False
409,[-0.02885396 -0.3         0.         -1.        ],[ 0.04798493 -0.08633204],False,[0.06691724 0.04814369],False
410,[-0.02885396 -0.3         0.         -1.        ],[ 0.04750289 -0.09020303],False,[0.06691724 0.04814369],False
411,[-0.02885396 -0.3         0.         -1.        ],[ 0.04701168 -0.09407152],False,[0.06691724 0.04814369],False
412,[-0.02885396 -0.3         0.         -1.        ],[ 0.04651092 -0.09793728],False,[0.06691724 0.04814369],False
413,[-0.02885396 -0.3         0.         -1.        ],[ 0.04600031 -0.10180007],False,[0.06691724 0.04814369],False
414,[-0.02885396 -0.3         0.         -1.        ],[ 0.04548004 -0.10565975],False,[0.06691724 0.04814369],False
415,[-0.02885396 -0.3         0.         -1.        ],[ 0.04495039 -0.10951621],False,[0.06691724 0.04814369],False
416,[-0.02885396 -0.3         0.         -1.        ],[ 0.04441328 -0.11336978],False,[0.06691724 0.04814369],False
417,[-0.02885396 -0.3         0.         -1.        ],[ 0.04387119 -0.11722097],False,[0.06691724 0.04814369],False
418,[-0.02885396 -0.3         0.         -1.        ],[ 0.04332625 -0.12107025],False,[0.06691724 0.04814369],False
419,[-0.02885396 -0.3         0.         -1.        ],[ 0.04278019 -0.12491799],False,[0.06691724 0.04814369],False
420,[-0.02885396 -0.3         0.         -1.        ],[ 0.04223428 -0.12876449],False,[0.06691724 0.04814369],False
421,[-0.02885396 -0.3         0.         -1.        ],[ 0.04168949 -0.13260996],False,[0.06691724 0.04814369],False
422,[-0.02885396 -0.3         0.         -1.        ],[ 0.04114646 -0.13645455],False,[0.06691724 0.04814369],False
423,[-0.02885396 -0.3         0.         -1.        ],[ 0.04060557 -0.14029838],False,[0.06691724 0.04814369],False
424,[-0.02885396 -0.3         0.         -1.        ],[ 0.04006704 -0.14414149],False,[0.06691724 0.04814369],False
425,[-0.02885396 -0.3         0.         -1.        ],[ 0.03953091 -0.1479839 ],False,[0.06691724 0.04814369],False
426,[-0.02885396 -0.3         0.         -1.        ],[ 0.03899715 -0.15182563],False,[0.06691724 0.04814369],False
427,[-0.02885396 -0.3         0.         -1.        ],[ 0.03846564 -0.15566664],False,[0.06691724 0.04814369],False
428,[-0.02885396 -0.3         0.         -1.        ],[ 0.03793624 -0.15950691],False,[0.06691724 0.04814369],False
429,[-0.02885396 -0.3         0.         -1.        ],[ 0.03740877 -0.1633464 ],False,[0.06691724 0.04814369],False
430,[-0.02885396 -0.3         0.         -1.        ],[ 0.03688308 -0.16718509],False,[0.06691724 0.04814369],False
431,[-0.02885396 -0.3         0.         -1.        ],[ 0.03635899 -0.17102292],False,[0.06691724 0.04814369],False
432,[-0.02885396 -0.3         0.         -1.        ],[ 0.03583637 -0.17485987],False,[0.06691724 0.04814369],False
433,[-0.02885396 -0.3         0.         -1.        ],[ 0.0353151  -0.17869592],False,[0.06691724 0.04814369],False
434,[-0.02885396 -0.3         0.         -1.        ],[ 0.03479508 -0.18253104],False,[0.06691724 0.04814369],False
435,[-0.02885396 -0.3         0.         -1.        ],[ 0.03427622 -0.18636522],False,[0.06691724 0.04814369],False
436,[-0.02885396 -0.3         0.         -1.        ],[ 0.03375847 -0.19019844],False,[0.06691724 0.04814369],False
437,[-0.02885396 -0.3         0.         -1.        ],[ 0.03324178 -0.19403069],False,[0.06691724 0.04814369],False
438,[-0.02885396 -0.3         0.         -1.        ],[ 0.03272613 -0.19786198],False,[0.06691724 0.04814369],False
439,[-0.02885396 -0.3         0.         -1.        ],[ 0.03221148 -0.20169231],False,[0.06691724 0.04814369],False
440,[-0.02885396 -0.3         0.         -1.        ],[ 0.03169784 -0.20552167],False,[0.06691724 0.04814369],False
441,[-0.02885396 -0.3         0.         -1.        ],[ 0.03118519 -0.20935007],False,[0.06691724 0.04814369],False
442,[-0.02885396 -0.3         0.         -1.        ],[ 0.03067354 -0.21317751],False,[0.06691724 0.04814369],False
443,[-0.02885396 -0.3         0.         -1.        ],[ 0.0301629  -0.21700401],False,[0.06691724 0.04814369],False
444,[-0.02885396 -0.3         0.         -1.        ],[ 0.02965325 -0.22082958],False,[0.06691724 0.04814369],False
445,[-0.02885396 -0.3         0.         -1.        ],[ 0.02914462 -0.22465421],False,[0.06691724 0.04814369],False
446,[ 0.04153913  0.3         0.         -1.        ],[ 0.029076   -0.22526705],True,[0.06691724 0.04814369],False
447,[ 0.04153913  0.3         0.         -1.        ],[ 0.02945254 -0.22346659],True,[0.06691724 0.04814369],False
448,[ 0.04153913  0.3         0.         -1.        ],[ 0.03001722 -0.2210501 ],True,[0.06691724 0.04814369],False
449,[ 0.04153913  0.3         0.         -1.        ],[ 0.03067536 -0.21822547],True,[0.06691724 0.04814369],False
450,[ 0.04153913  0.3         0.         -1.        ],[ 0.03137487 -0.21506938],True,[0.06691724 0.04814369],False
451,[ 0.04153913  0.3         0.         -1.        ],[ 0.03210392 -0.21166397],True,[0.06691724 0.04814369],False
452,[ 0.04153913  0.3         0.         -1.        ],[ 0.03283949 -0.20807257],True,[0.06691724 0.04814369],False
453,[ 0.04153913  0.3         0.         -1.        ],[ 0.033563  -0.2043482],True,[0.06691724 0.04814369],False
454,[ 0.04153913  0.3         0.         -1.        ],[ 0.03426331 -0.20053399],True,[0.06691724 0.04814369],False
455,[ 0.04153913  0.3         0.         -1.        ],[ 0.03493552 -0.19666319],True,[0.06691724 0.04814369],False
456,[ 0.04153913  0.3         0.         -1.        ],[ 0.03557922 -0.19276015],True,[0.06691724 0.04814369],False
457,[ 0.04153913  0.3         0.         -1.        ],[ 0.03619696 -0.18884176],True,[0.06691724 0.04814369],False
458,[ 0.04153913  0.3         0.         -1.        ],[ 0.03679288 -0.18491906],True,[0.06691724 0.04814369],False
459,[ 0.04153913  0.3         0.         -1.        ],[ 0.03737182 -0.18099871],True,[0.06691724 0.04814369],False
460,[ 0.04153913  0.3         0.         -1.        ],[ 0.03793856 -0.17708422],True,[0.06691724 0.04814369],False
461,[ 0.04153913  0.3         0.         -1.        ],[ 0.03849749 -0.17317697],True,[0.06691724 0.04814369],False
462,[ 0.04153913  0.3         0.         -1.        ],[ 0.03905228 -0.16927704],True,[0.06691724 0.04814369],False
463,[ 0.04153913  0.3         0.         -1.        ],[ 0.03960587 -0.16538372],True,[0.06691724 0.04814369],False
464,[ 0.04153913  0.3         0.         -1.        ],[ 0.04016042 -0.16149597],True,[0.06691724 0.04814369],False
465,[ 0.04153913  0.3         0.         -1.        ],[ 0.04071744 -0.15761262],True,[0.06691724 0.04814369],False
466,[ 0.04153913  0.3         0.         -1.        ],[ 0.04127783 -0.15373255],True,[0.06691724 0.04814369],False
467,[ 0.04153913  0.3         0.         -1.        ],[ 0.04184206 -0.14985481],True,[0.06691724 0.04814369],False
468,[ 0.04153913  0.3         0.         -1.        ],[ 0.04241022 -0.14597857],True,[0.06691724 0.04814369],False
469,[ 0.04153913  0.3         0.         -1.        ],[ 0.04298217 -0.1421032 ],True,[0.06691724 0.04814369],False
470,[ 0.04153913  0.3         0.         -1.        ],[ 0.04355763 -0.13822821],True,[0.06691724 0.04814369],False
471,[ 0.04153913  0.3         0.         -1.        ],[ 0.04413621 -0.13435324],True,[0.06691724 0.04814369],False
472,[ 0.04153913  0.3         0.         -1.        ],[ 0.04471749 -0.13047804],True,[0.06691724 0.04814369],False
473,[ 0.04153913  0.3         0.         -1.        ],[ 0.04530106 -0.12660244],True,[0.06691724 0.04814369],False
474,[ 0.04153913  0.3         0.         -1.        ],[ 0.04588655 -0.12272632],True,[0.06691724 0.04814369],False
475,[ 0.04153913  0.3         0.         -1.        ],[ 0.04647364 -0.1188496 ],True,[0.06691724 0.04814369],False
476,[ 0.04153913  0.3         0.         -1.        ],[ 0.04706203 -0.11497226],True,[0.06691724 0.04814369],False
477,[ 0.04153913  0.3         0.         -1.        ],[ 0.04765152 -0.11109426],True,[0.06691724 0.04814369],False
478,[ 0.04153913  0.3         0.         -1.        ],[ 0.04824193 -0.1072156 ],True,[0.06691724 0.04814369],False
479,[ 0.04153913  0.3         0.         -1.        ],[ 0.04883313 -0.10333629],True,[0.06691724 0.04814369],False
480,[ 0.04153913  0.3         0.         -1.        ],[ 0.04942505 -0.09945631],True,[0.06691724 0.04814369],False
481,[ 0.04153913  0.3         0.         -1.        ],[ 0.05001762 -0.09557569],True,[0.06691724 0.04814369],False
482,[ 0.04153913  0.3         0.         -1.        ],[ 0.05061083 -0.09169443],True,[0.06691724 0.04814369],False
483,[ 0.04153913  0.3         0.         -1.        ],[ 0.05120465 -0.08781253],True,[0.06691724 0.04814369],False
484,[ 0.04153913  0.3         0.         -1.        ],[ 0.0517991  -0.08393001],True,[0.06691724 0.04814369],False
485,[ 0.04153913  0.3         0.         -1.        ],[ 0.0523935 -0.0800468],True,[0.06691724 0.04814369],False
486,[ 0.04153913  0.3         0.         -1.        ],[ 0.05296946 -0.07616067],True,[0.06691724 0.04814369],False
487,[ 0.04153913  0.3         0.         -1.        ],[ 0.05352186 -0.07227098],True,[0.06691724 0.04814369],False
488,[ 0.04153913  0.3         0.         -1.        ],[ 0.05405647 -0.06837858],True,[0.06691724 0.04814369],False
489,[ 0.04153913  0.3         0.         -1.        ],[ 0.05457688 -0.06448418],True,[0.06691724 0.04814369],False
490,[ 0.04153913  0.3         0.         -1.        ],[ 0.05508515 -0.06058821],True,[0.06691724 0.04814369],False
491,[ 0.04153913  0.3         0.         -1.        ],[ 0.05557922 -0.05669067],True,[0.06691724 0.04814369],False
492,[ 0.04153913  0.3         0.         -1.        ],[ 0.05606029 -0.05279203],True,[0.06691724 0.04814369],False
493,[ 0.04153913  0.3         0.         -1.        ],[ 0.05653141 -0.04889257],True,[0.06691724 0.04814369],False
494,[ 0.04153913  0.3         0.         -1.        ],[ 0.0569951 -0.0449926],True,[0.06691724 0.04814369],False
495,[ 0.04153913  0.3         0.         -1.        ],[ 0.05745367 -0.04109246],True,[0.06691724 0.04814369],False
496,[ 0.04153913  0.3         0.         -1.        ],[ 0.05791004 -0.03719255],True,[0.06691724 0.04814369],False
497,[ 0.04153913  0.3         0.         -1.        ],[ 0.0583615  -0.03329269],True,[0.06691724 0.04814369],False
498,[ 0.04153913  0.3         0.         -1.        ],[ 0.05880556 -0.02939289],True,[0.06691724 0.04814369],False
499,[ 0.04153913  0.3         0.         -1.        ],[ 0.0592413 -0.0254933],True,[0.06691724 0.04814369],False
